i1,i2,d1,d2,d3,d4,ind1,ind2,ind3,ind4,ind5,,ind6
2010/12,ADEL,26.49,27.07,19.51,31.92,17.29,1.56,2.17,29.86,6.15,0.001022828,0.1022828
2010/12,AFYON,0.9,-2.23,1.26,1.06,17.15,4.72,7.12,6.68,3.85,0.000723658,0.0723658
2010/12,AKCNS,4.95,9.52,7.25,7.23,31.72,4.42,8.58,7.32,1.77,0.013840499,1.3840499
2010/12,AKSA,4.35,6.21,4.35,7.68,42.91,3.88,7.74,6,1.67,0.015268532,1.5268532
2010/12,ALCAR,3.46,2.51,3.49,4.16,16.25,2.79,4.85,12.73,6.57,0.002869406,0.2869406
2010/12,ARCLK,7.52,8.15,7.45,17.12,53.46,3.01,5.05,5.62,2.03,0.082266795,8.2266795
2010/12,ARSAN,-13.62,-20.03,-24.17,-29.71,47.19,4.08,3.85,8.13,0.68,0.002050764,0.2050764
2010/12,ASUZU,-1.5,-0.55,-1.34,-2.78,50.98,5.61,2.41,4.88,1.52,0.003708177,0.3708177
2010/12,ATEKS,-6.15,-6.68,-8.46,-8.49,21.35,5.57,4.14,6.9,1.51,0.002721265,0.2721265
2010/12,AYGAZ,8.86,4.66,5.14,12.97,28.17,15.9,28.3,17.77,1.9,0.031501602,3.1501602
2010/12,BAGFS,20.02,18.82,16.79,28.92,25.71,9.77,8.3,4.18,2.68,0.002812251,0.2812251
2010/12,BAKAB,7.63,7.08,7.28,12.91,39.42,4.23,6.23,3.61,1.75,0.001364381,0.1364381
2010/12,BANVT,11.17,8.74,5.87,34.27,63.06,6.78,8.8,9.12,1.71,0.006541871,0.6541871
2010/12,BFREN,2.12,8.53,2.65,24.06,89.98,2.65,5.61,2.73,0.62,0.000800526,0.0800526
2010/12,BOSSA,1.04,0.71,1.36,1.52,34.13,3.99,3.5,8.7,1.8,0.004810693,0.4810693
2010/12,BRISA,7.8,6.71,5.78,12.94,43.24,4.75,4.76,7.49,1.63,0.008887263,0.8887263
2010/12,BRSAN,-1.39,-1.33,-1.37,-2.73,51.16,8.33,4.5,3.14,0.94,0.011266123,1.1266123
2010/12,BTCIM,2.93,3.57,4.65,4.08,19,6.01,4.82,7.69,3.59,0.005896609,0.5896609
2010/12,BUCIM,2.99,-0.74,2.68,4.85,25.74,4,5.08,11.15,2.94,0.00424418,0.424418
2010/12,BURCE,-6.75,-8.06,-8.2,-17.51,44.99,14.68,2.07,5.7,1.22,0.000439016,0.0439016
2010/12,CELHA,2.15,-0.23,1.66,5.16,58.41,4.56,5.98,5.06,1.14,0.000878483,0.0878483
2010/12,CEMTS,-2.59,-4.19,-2.42,-2.96,17.56,5.65,3.78,20.23,3.39,0.001772521,0.1772521
2010/12,CIMSA,8.88,20.21,14.63,11.47,22.4,5.55,6.75,8.83,1.31,0.012739715,1.2739715
2010/12,CMBTN,-8.21,-5.3,-4.51,-17.25,55.57,4.55,77.54,5.09,0.9,0.000616528,0.0616528
2010/12,CMENT,2.02,4.04,4.26,3.18,25.12,5.22,6.07,6.85,2.17,0.012403369,1.2403369
2010/12,DEVA,-0.28,1.05,-0.42,-0.5,45.44,2.53,2.22,4.52,1.42,0.00699775,0.699775
2010/12,DITAS,-7.09,-9.59,-6.44,-12.03,44.1,4.68,4.5,8.97,1.7,0.00039528,0.039528
2010/12,DMSAS,3.08,6.01,2.83,5.01,37.99,4.1,5.01,11.25,1.63,0.001323602,0.1323602
2010/12,ECILC,2.34,4.7,6.61,2.66,10.33,4.44,7.08,4.61,5.25,0.029912571,2.9912571
2010/12,EGEEN,5.23,8.41,5.06,10.38,53.39,3.2,2.93,6.8,1.6,0.000962738,0.0962738
2010/12,EGGUB,6.78,13.74,9.61,17.88,56.41,33.18,7.32,2.37,0.55,0.002627023,0.2627023
2010/12,EGPRO,6.04,9.53,6.99,14.92,54.85,1.79,5.99,4.91,1.54,0.002814469,0.2814469
2010/12,ERBOS,7.32,5.06,5.82,10.88,28.41,4.56,3.5,4.91,2.74,0.001240001,0.1240001
2010/12,EREGL,6.2,17.03,11.55,12.48,50.59,9.03,2.29,14.88,1.68,0.152145464,15.2145464
2010/12,FMIZP,25.13,23.48,21.18,26.89,6.3,7.02,15.64,20.62,12.85,0.000292147,0.0292147
2010/12,FRIGO,-9.88,-15.07,-16.68,-62.17,87.06,7.09,2.09,3.74,1.32,0.000325494,0.0325494
2010/12,FROTO,16.54,7.52,6.6,29.64,47.38,8.86,13.95,11.96,1.98,0.037472737,3.7472737
2010/12,GENTS,12.11,14.6,17.62,13.44,8.6,3.66,3.79,11.01,8.16,0.001416275,0.1416275
2010/12,GOLTS,1.19,6.48,2.51,1.82,32.89,8.44,4.94,5.11,2.84,0.004826501,0.4826501
2010/12,GOODY,3.02,3.83,1.71,5.17,46.59,5.38,8.11,9.5,1.74,0.005751085,0.5751085
2010/12,GUBRF,6.04,23.75,8.65,31.89,62.45,5.41,3.77,2.03,0.93,0.024453373,2.4453373
2010/12,HEKTS,12.11,17.17,16.98,16.16,25.65,1.67,2.67,4.25,3.44,0.001412758,0.1412758
2010/12,IHEVA,3.19,-2.86,9.04,4.62,20.01,2.25,3.29,4.15,3.33,0.003251551,0.3251551
2010/12,KAPLM,0.96,1.47,0.68,1.57,43.03,5.16,8.06,8.3,1.24,0.000605274,0.0605274
2010/12,KARTN,9.57,11.06,10.21,10.78,11.7,7.3,4.27,12.01,5.94,0.002159955,0.2159955
2010/12,KENT,-4.63,-5.92,-5.68,-7.88,42.91,3.22,5.38,5.61,1.1,0.006489761,0.6489761
2010/12,KLMSN,6.41,5.61,5.03,22.07,74.13,4.09,6.83,7.91,2.15,0.001728119,0.1728119
2010/12,KNFRT,7.04,13.77,7.9,14.07,53.82,7.04,1.49,12.67,1.53,0.000570922,0.0570922
2010/12,KONYA,9.07,13.75,16.66,10.08,9.8,5.26,4.07,9.2,9.09,0.004634868,0.4634868
2010/12,KORDS,3.08,6.58,3.12,5.15,31.87,6.63,4.49,9.9,2.06,0.014963289,1.4963289
2010/12,KRSTL,-3.44,-7.1,-8.81,-3.89,6.77,0.76,6.7,5.81,9.12,0.000775603,0.0775603
2010/12,KRTEK,0.99,5.79,1.09,1.67,40.83,2.8,6.34,10.98,1.86,0.001429009,0.1429009
2010/12,KUTPO,1.74,2.5,1.82,2.12,20.23,2.78,1.97,6.68,3.92,0.001617118,0.1617118
2010/12,MRSHL,8.33,7.54,5.91,11.84,29.66,3.74,8.28,4.82,2.87,0.001853865,0.1853865
2010/12,OTKAR,3.54,4.18,4.02,11.99,72.7,4.83,3.37,8.19,1.19,0.007142001,0.7142001
2010/12,OYAKC,27.14,35.45,32.96,31.04,14.28,5.14,4.54,14.95,3.12,0.003276096,0.3276096
2010/12,PARSN,0.75,6.14,2,1.02,17.53,5.41,3.7,10.04,2.31,0.003093217,0.3093217
2010/12,PENGD,4.13,-1.37,6.31,7.83,31.98,6.97,2.43,4.52,1.27,0.001512161,0.1512161
2010/12,PETKM,5.8,4.65,4.47,8.47,32.64,8.22,8.22,5.8,1.62,0.026695376,2.6695376
2010/12,PINSU,4.01,2.53,5.49,5.3,24.11,5.92,9.97,3.66,1.41,0.001076775,0.1076775
2010/12,PNSUT,11.88,8.37,10.41,16.35,27.75,7.95,10.28,5.74,1.92,0.005984176,0.5984176
2010/12,PRKAB,-2.12,1.05,-1.1,-4.22,53.68,4.56,9.5,4.61,1.63,0.003046731,0.3046731
2010/12,SARKY,1.88,-1.29,0.75,4.35,59.86,6.9,12.85,32.02,1.2,0.007462135,0.7462135
2010/12,SASA,6.95,6.12,4.76,14.06,52.28,8.62,4.97,8.26,1.18,0.005471517,0.5471517
2010/12,SELGD,0.8,-21.64,1.37,1.5,46.03,5.79,2.78,13.26,1.09,0.000158305,0.0158305
2010/12,SISE,6.12,12.65,9.79,13.29,38.75,5.94,4.13,11.75,3.08,0.076067171,7.6067171
2010/12,SKTAS,3.25,10.62,6.26,7.56,56.33,6.79,3.43,7.22,1.35,0.003245985,0.3245985
2010/12,SNPAM,-1.44,4.7,-4.85,-1.49,3.61,2.5,3.25,10.89,10.76,0.000899922,0.0899922
2010/12,TATGD,2.96,5.34,2.06,9.19,58.08,4.64,4.71,10.75,2.01,0.006250612,0.6250612
2010/12,TBORG,-2.82,-2.16,-3.04,-5.18,50.63,2.41,5.39,5.02,0.99,0.002458613,0.2458613
2010/12,TOASO,7.96,6.11,5.99,24.57,67.72,8.4,16.98,4.53,1.36,0.059372188,5.9372188
2010/12,TUKAS,0.5,1.86,0.69,1.14,54.89,2.02,2.71,4.15,2.09,0.001899563,0.1899563
2010/12,TUPRS,6.11,4.57,2.82,19.35,71.97,36.72,11.92,6.76,1.05,0.156382134,15.6382134
2010/12,ULKER,6.58,2.62,12.13,14.3,47.08,4,8.87,3.45,1.92,0.032425481,3.2425481
2010/12,USAK,0.8,8.23,1.21,2.27,66.8,3.04,3.26,8.86,1.04,0.001475069,0.1475069
2010/12,VESTL,0.99,2.46,0.73,3.92,71.44,4.33,4.8,2.56,1.16,0.044924002,4.4924002
2010/12,YATAS,0.42,5.22,0.52,1.45,72.78,3.09,2.28,2.41,1.16,0.002170278,0.2170278
2010/12,YUNSA,3.83,6.44,3.32,10.98,65.08,3.15,3.11,9.4,1.1,0.001614837,0.1614837
2011/12,ADEL,25.66,27.39,19.07,31.13,17.81,1.5,1.72,28.1,5.94,0.001094857,0.1094857
2011/12,AFYON,-8.84,-14.73,-11.61,-10.6,15.81,4.74,5.93,7.42,4,0.000543451,0.0543451
2011/12,AKCNS,7.99,13.77,9.93,11.85,31.63,4.34,8.25,6.1,1.24,0.01257184,1.257184
2011/12,AKSA,6.45,8.73,5.79,12.14,48.51,4.7,6.6,6.21,1.77,0.016250401,1.6250401
2011/12,ALCAR,18.01,7.81,15.97,21.97,19.41,3.99,4.83,12.77,5.47,0.003219105,0.3219105
2011/12,ARCLK,6.13,7.81,6,14.71,60.3,2.92,4.5,5.33,1.71,0.090445564,9.0445564
2011/12,ARSAN,3.21,-8.43,6.64,6.63,51.37,5.01,3.07,7.11,0.57,0.002044969,0.2044969
2011/12,ASUZU,3.91,3.91,2.82,7.93,50.27,6.03,3.04,5.71,1.59,0.003463526,0.3463526
2011/12,ATEKS,0.17,-0.05,0.25,0.22,22.99,6.17,4.09,5.46,1.91,0.002444425,0.2444425
2011/12,AYGAZ,13.77,2.73,6.96,18.38,20.56,16.9,27.53,18.08,1.78,0.026669502,2.6669502
2011/12,BAGFS,24.63,24.64,22.71,34.89,32.06,12.52,4.09,3.57,2.63,0.003434377,0.3434377
2011/12,BAKAB,11.84,10.89,9.34,20.31,43.41,4.05,6.28,4.13,2.04,0.001567013,0.1567013
2011/12,BANVT,-9.33,-0.1,-5.35,-32.57,78.29,7.22,9.03,10.75,1.23,0.006856796,0.6856796
2011/12,BFREN,-2.6,10.31,-2.92,-33.41,94.06,2.38,8.39,2.43,0.89,0.000843205,0.0843205
2011/12,BOSSA,11.22,7.76,15.11,16.55,30.46,3.61,2.52,6.6,2.33,0.004761383,0.4761383
2011/12,BRISA,7.75,7.46,5.33,15.61,55.65,4.77,4.09,7.9,1.42,0.010460817,1.0460817
2011/12,BRSAN,4.26,6.01,3.95,9.17,55.17,9.29,5.04,2.9,0.87,0.01442106,1.442106
2011/12,BTCIM,4.31,4.5,7.14,6.61,32.66,5.5,5.36,6.39,2.24,0.006473193,0.6473193
2011/12,BUCIM,11.11,10.74,8.46,18.59,25.76,3.88,5.59,11.13,2.95,0.00431357,0.431357
2011/12,BURCE,0.7,-5.28,0.87,1.41,46.33,8.16,2.61,5.07,1.25,0.000390687,0.0390687
2011/12,CELHA,-3.35,4.13,-2.27,-9.16,67.8,4.05,5.03,5.33,1.02,0.000906207,0.0906207
2011/12,CEMTS,13.79,9.59,10.35,16.74,17.63,5.44,4.49,21.78,3.76,0.001836259,0.1836259
2011/12,CIMSA,10.35,20.26,15.4,14.25,31.09,5.17,5.65,7.53,1.08,0.012300499,1.2300499
2011/12,CMBTN,20.51,1.24,9.68,39.46,41.37,4.31,94.45,5.68,1.48,0.000609881,0.0609881
2011/12,CMENT,1.84,5.78,3.79,2.94,25.79,4.62,5.49,6.58,1.95,0.011777119,1.1777119
2011/12,DEVA,-2.43,-1.72,-3.86,-4.57,48.3,2.35,2.16,4.99,1.37,0.006551563,0.6551563
2011/12,DITAS,4.66,2.19,2.94,7.87,37.19,4.72,4.94,9.38,2.11,0.000333062,0.0333062
2011/12,DMSAS,1.46,4.43,1.18,2.44,42.31,4.01,4.92,11.8,1.56,0.001224545,0.1224545
2011/12,ECILC,3.11,2.43,9.09,3.56,13.67,4.29,6.28,4.24,3.65,0.029812703,2.9812703
2011/12,EGEEN,23.71,17.93,16.58,52.62,55.84,3.34,3.29,6.99,2.05,0.001474779,0.1474779
2011/12,EGGUB,-0.08,13.49,-0.09,-0.17,55.09,22.86,5.29,3.33,0.39,0.002205783,0.2205783
2011/12,EGPRO,4.05,7.12,4.22,9.06,55.8,1.65,4.68,6.83,1.57,0.00275525,0.275525
2011/12,ERBOS,9.01,7.71,6.7,14.7,45.74,6.01,3.97,4.38,1.8,0.001589684,0.1589684
2011/12,EREGL,7.47,19.93,11.27,14.79,45.58,8.78,2.19,15.33,2.44,0.131675509,13.1675509
2011/12,FMIZP,33.76,18.74,25.78,35.82,5.31,6.78,16.27,36.99,17.64,0.000297588,0.0297588
2011/12,FRIGO,-9.25,-3.21,-12.27,-39.88,69.53,8.88,2.36,2.87,0.93,0.000400137,0.0400137
2011/12,FROTO,17.07,6.96,6.34,36.25,57.07,8.49,12.67,9.6,1.78,0.043478164,4.3478164
2011/12,GENTS,16.86,13.91,17.79,20.26,13.64,3.99,3.57,10.04,4.66,0.001713127,0.1713127
2011/12,GOLTS,0.98,8.56,1.84,1.68,36.84,7.98,5.05,5.97,2.32,0.004438626,0.4438626
2011/12,GOODY,10.58,5.89,4.98,20.34,49.07,5.27,8.15,9.97,1.69,0.006415237,0.6415237
2011/12,GUBRF,5.05,22.51,5.71,23.28,59.51,4.8,4.11,2.31,1.12,0.029180772,2.9180772
2011/12,HEKTS,9.36,16.46,12.62,13.75,37.16,1.85,2.38,5.35,2.38,0.001469369,0.1469369
2011/12,IHEVA,-9.1,-6.4,-26.3,-13.53,28.81,1.92,2.63,2.89,2.19,0.002810425,0.2810425
2011/12,KAPLM,-7.08,-2.49,-4.58,-14.2,56.44,4.94,7.38,6.28,1.02,0.000600121,0.0600121
2011/12,KARTN,17.55,17.89,17.49,19.81,11.19,8.1,3.56,11.48,7.07,0.002251754,0.2251754
2011/12,KENT,1.03,-6.35,1.06,1.8,42.58,3.45,6,5.5,1.17,0.005748716,0.5748716
2011/12,KLMSN,2.84,6.57,2.3,10.86,73.53,4.29,7.14,8.1,1.32,0.001648355,0.1648355
2011/12,KNFRT,14.01,22.44,13.26,31.01,55.53,6.45,1.59,6.55,1.57,0.000709314,0.0709314
2011/12,KONYA,7.06,14.91,13.43,8.01,13.73,4.62,4.3,7.13,6.05,0.004420658,0.4420658
2011/12,KORDS,5.82,7.96,5.39,10.24,37.26,6.29,3.73,11.94,1.86,0.016545062,1.6545062
2011/12,KRSTL,0.23,-4.96,0.75,0.25,6.52,0.66,6,5.12,9.36,0.000678392,0.0678392
2011/12,KRTEK,3.14,7.68,3.5,5.87,51.45,2.86,3.59,9.48,2.27,0.001485179,0.1485179
2011/12,KUTPO,6.73,4.81,5.84,8.75,25.59,3.01,2.6,8.08,3.15,0.001656015,0.1656015
2011/12,MRSHL,-1.01,0.96,-0.57,-1.53,38.16,3.24,6.14,5.11,1.84,0.001817465,0.1817465
2011/12,OTKAR,7.36,8.42,6.16,28.36,75.04,4.78,3.81,11.02,0.98,0.008404111,0.8404111
2011/12,OYAKC,27.7,35.46,33.62,32.8,16.73,4.74,3.72,18.12,2.98,0.003110952,0.3110952
2011/12,PARSN,10.05,16.3,17.7,13.75,17,5.27,3.83,9.95,2.1,0.003079744,0.3079744
2011/12,PENGD,-10.57,-9.78,-20.42,-17.76,47.17,5.68,2.08,4.2,0.93,0.001677154,0.1677154
2011/12,PETKM,4.06,1.36,2.63,6.2,36.26,7.85,7.25,7.15,1.59,0.026266379,2.6266379
2011/12,PINSU,-0.88,-6.98,-1.1,-1.19,28.69,5.91,10.73,3.31,1.06,0.001012198,0.1012198
2011/12,PNSUT,12.59,10.51,11.2,17.7,29.83,7.64,10.51,5.2,1.81,0.006151547,0.6151547
2011/12,PRKAB,1.07,1.61,0.51,2.77,66.95,4.71,7.52,3.68,1.36,0.003835193,0.3835193
2011/12,SARKY,4.01,0.78,1.38,10.89,65.82,6.51,16.31,19.57,1.23,0.008342894,0.8342894
2011/12,SASA,7.61,7.94,4.66,16.62,55.74,6.68,4.76,5.83,1.22,0.006098523,0.6098523
2011/12,SELGD,2.19,-5.25,2.7,3.6,30.47,6.45,4.34,16.88,2.21,0.000111343,0.0111343
2011/12,SISE,8.41,15.2,12.68,16.75,37.54,5.24,3.53,9.76,2.79,0.081172856,8.1172856
2011/12,SKTAS,5.59,14.46,9.85,13.85,62.17,6.24,2.97,4.46,1.1,0.003735677,0.3735677
2011/12,SNPAM,5.79,11.76,19.67,6.08,5.81,2.54,4.22,6.89,7.67,0.000862416,0.0862416
2011/12,TATGD,1.55,3.55,1.3,4.76,61.08,3.98,3.9,9,2.65,0.005958407,0.5958407
2011/12,TBORG,-3.47,0.74,-3.94,-8.14,62.8,2.04,4.03,5.02,0.88,0.002632169,0.2632169
2011/12,TOASO,8.18,6.69,6.46,27.13,71.61,6.54,16.09,4.31,1.3,0.061971409,6.1971409
2011/12,TUKAS,-20.01,-25.39,-37.73,-62.17,77.95,1.5,2.07,4.09,1.1,0.002120697,0.2120697
2011/12,TUPRS,8.66,4.68,3.04,30.15,70.15,13.28,11.29,7.31,1.08,0.145121789,14.5121789
2011/12,ULKER,23.68,2.6,36.78,53.46,58.91,3.92,9.14,4.2,1.45,0.026259897,2.6259897
2011/12,USAK,0.76,6.49,1.4,2.38,68.71,2.45,2.74,10.77,0.99,0.002056415,0.2056415
2011/12,VESTL,-0.78,6.28,-0.51,-3.56,77.95,4.27,4.85,2.4,1.04,0.05047118,5.047118
2011/12,YATAS,2.06,-3.92,2.45,7.29,70.85,3.77,1.7,2.56,1.16,0.002516157,0.2516157
2011/12,YUNSA,8.36,10.3,6.67,24.9,67.39,3.44,2.89,7.53,1.11,0.001943833,0.1943833
2012/12,ADEL,20.09,24.78,15.3,24.91,20.69,1.46,1.29,13.2,4.93,0.001238217,0.1238217
2012/12,AFYON,-14.04,-19.28,-17.54,-16.99,19.09,4.03,5.8,8.37,3.07,0.000446309,0.0446309
2012/12,AKCNS,9,14.94,11.37,13.53,33.51,4.06,7.68,5.51,1.11,0.013048686,1.3048686
2012/12,AKSA,10.5,8.91,10.37,18.7,37.64,4.73,6.99,5.6,1.61,0.01463106,1.463106
2012/12,ALCAR,7.69,5.32,7.31,9.47,18.16,3,4.48,10.97,5.91,0.003245267,0.3245267
2012/12,ARCLK,5.35,7.23,4.92,14.07,61.6,3,4.55,6.11,1.71,0.096116214,9.6116214
2012/12,ARSAN,3.02,-0.75,6.16,6.3,48.57,4.7,2.8,5.82,0.65,0.001981176,0.1981176
2012/12,ASUZU,0.34,0.85,0.25,0.78,61,4.53,2.79,5.74,1.82,0.004001511,0.4001511
2012/12,ATEKS,2.39,-13.69,5.02,3.09,22.48,4.75,3.67,3.82,1.64,0.002391329,0.2391329
2012/12,AYGAZ,10.76,2.99,5.46,13.45,19.47,16.16,24.19,19.51,1.56,0.027780581,2.7780581
2012/12,BAGFS,7.06,7.09,6.57,10.2,29.42,6.79,3.92,4.53,2.72,0.003079961,0.3079961
2012/12,BAKAB,5.9,7.75,5.31,10.64,45.53,3.89,6.22,3.72,1.44,0.00172567,0.172567
2012/12,BANVT,1.27,1.92,0.77,6.34,81.32,7.79,7.71,9.98,1.05,0.007734546,0.7734546
2012/12,BFREN,37.72,10.3,43.27,149.01,49.31,3.32,13.75,2.08,1.73,0.000615225,0.0615225
2012/12,BOSSA,4.14,0.17,6.12,5.93,29.8,3.88,3.72,7.59,2.15,0.005518419,0.5518419
2012/12,BRISA,8.26,9.95,6.69,19.82,60.59,3.84,3.74,7.14,1.01,0.011691382,1.1691382
2012/12,BRSAN,2.7,3.61,2.77,6.19,57.51,8.09,4.87,2.97,0.9,0.013688659,1.3688659
2012/12,BTCIM,2.57,2.55,4.61,4.36,34.69,5.02,5.32,5.8,1.76,0.006571655,0.6571655
2012/12,BUCIM,3.03,0.22,2.93,5.28,30.26,3.66,5.06,11.26,3.43,0.004233058,0.4233058
2012/12,BURCE,-2.21,-4.4,-2.85,-4.72,52.94,6.55,2.69,5.06,1.37,0.000389196,0.0389196
2012/12,CELHA,0.47,2.15,0.32,1.31,58.86,4.12,7.26,6.71,1.06,0.000686642,0.0686642
2012/12,CEMTS,5.03,-0.82,4.69,5.92,12.22,5.79,4.42,23.43,4.8,0.001683471,0.1683471
2012/12,CIMSA,8.18,19.23,13.46,12.5,34.16,4.46,5.8,7.32,0.9,0.014749621,1.4749621
2012/12,CMBTN,-0.33,-1.03,-0.18,-0.59,47.18,4.4,102.44,4.97,1.29,0.000636937,0.0636937
2012/12,CMENT,1.03,3.63,2.13,1.69,27.29,4.26,5.34,5.79,1.12,0.011952382,1.1952382
2012/12,DEVA,4.93,14.08,8.16,9.47,47.65,2.39,2.22,8.38,1.3,0.006796599,0.6796599
2012/12,DITAS,-6.41,-1.23,-4.14,-10.73,43.22,4.27,5.86,8.43,1.87,0.000316236,0.0316236
2012/12,DMSAS,-3.79,-1.9,-3.36,-6.73,45.05,3.75,4.83,11.38,1.4,0.00114849,0.114849
2012/12,ECILC,1.08,0.96,3.88,1.26,13.54,3.65,4.47,3.45,3.11,0.03158125,3.158125
2012/12,EGEEN,14.12,13.75,12.26,27.09,37.97,3.78,4,6.66,2.12,0.00113209,0.113209
2012/12,EGGUB,5.35,7.78,5.99,10.65,44.25,20.92,7.36,4.34,0.39,0.002043115,0.2043115
2012/12,EGPRO,6.55,10.82,6.78,14.29,52.85,1.74,6.14,5.8,1.67,0.003121808,0.3121808
2012/12,ERBOS,10.26,6.15,8.68,17.21,34.67,3.95,3.71,3.95,2.71,0.001421273,0.1421273
2012/12,EREGL,3.41,7.79,4.72,6.33,43.57,9.56,2.68,17.76,2.08,0.123492833,12.3492833
2012/12,FMIZP,18.28,17.26,14.62,19.62,8.45,9.44,20.45,22.71,9.7,0.000264495,0.0264495
2012/12,FRIGO,-3.66,-2.66,-4.8,-10.92,63.04,10.96,2.68,3.1,0.73,0.000337265,0.0337265
2012/12,FROTO,15.1,6.38,7.01,35.18,57.06,8.51,11,7.35,1.49,0.043669988,4.3669988
2012/12,GENTS,6.71,5.72,7.25,8.7,13.62,3.98,3.38,10.2,4.65,0.001695836,0.1695836
2012/12,GOLTS,3.91,10.6,6.23,6.91,35.32,5.94,6.67,6.6,1.79,0.004445124,0.4445124
2012/12,GOODY,8.46,6.18,4.59,14.85,36.31,5.27,6.8,7.81,2.22,0.005451876,0.5451876
2012/12,GUBRF,7.41,21.63,8.52,31.49,61.34,4.34,4.52,2.47,1.08,0.020250027,2.0250027
2012/12,HEKTS,14.37,19.25,16.99,20.38,20.58,1.82,2.11,6.16,4.57,0.001206263,0.1206263
2012/12,IHEVA,6.96,-1.56,20.23,10.73,28.3,1.73,2.4,2.37,2.67,0.002858848,0.2858848
2012/12,KAPLM,1.77,2.8,1.18,4.08,56.6,5.14,9.96,5.17,0.93,0.00058971,0.058971
2012/12,KARTN,11.27,12.82,13.06,12.75,11.89,7.29,3.26,9.32,6.54,0.002359871,0.2359871
2012/12,KENT,2.95,-0.26,2.89,4.91,37.19,2.78,6.37,4.88,1.38,0.005255523,0.5255523
2012/12,KLMSN,2.77,3.03,3.34,11.33,77.09,3.8,6.02,6.76,1.63,0.002008678,0.2008678
2012/12,KNFRT,7.76,10.56,7.59,16.07,47.91,6.54,1.8,5.54,2.16,0.000679435,0.0679435
2012/12,KONYA,8.69,13.94,15.86,10.07,13.56,4.63,3.86,6.06,5.68,0.003858228,0.3858228
2012/12,KORDS,2.5,3.49,2.74,4.65,37.57,6.74,3.18,11.67,1.67,0.014905688,1.4905688
2012/12,KRSTL,-2.11,-10.66,-6.59,-2.26,6.06,0.72,6.26,7.02,10.56,0.000630395,0.0630395
2012/12,KRTEK,-5.5,-4.1,-6.43,-11.7,54.69,2.66,5.69,9.12,1.74,0.001277412,0.1277412
2012/12,KUTPO,4.29,2.63,4,5.8,26.28,2.61,2.5,7.47,3.05,0.001692882,0.1692882
2012/12,MRSHL,-1.66,1.16,-1.12,-2.76,41.05,2.93,4.45,4.28,1.62,0.001764721,0.1764721
2012/12,OTKAR,8.27,9.36,7.79,34.4,76.7,4.35,3.04,9.55,1.28,0.009748913,0.9748913
2012/12,OYAKC,12.09,20.05,18.55,15.34,25.76,3.8,3.71,13.75,1.8,0.002845941,0.2845941
2012/12,PARSN,2.96,6.25,6.22,4.1,20.3,4.84,3.63,9.96,2.23,0.003189093,0.3189093
2012/12,PENGD,1.16,2.26,2.5,2.34,53.17,4.76,1.53,2.3,0.93,0.001850985,0.1850985
2012/12,PETKM,0.9,-1.13,0.57,1.46,40.55,6.78,9.16,7.07,1.41,0.026306169,2.6306169
2012/12,PINSU,0.35,-1.85,0.39,0.51,34.39,5.96,10.28,2.7,1,0.001119366,0.1119366
2012/12,PNSUT,9.24,7.29,7.9,13.12,29.29,6.81,8.39,5.27,1.64,0.005796749,0.5796749
2012/12,PRKAB,1.89,2.01,1.14,5.88,68.56,4.2,8.11,2.8,1.35,0.003984548,0.3984548
2012/12,SARKY,3.67,1.16,1.41,10.98,67.07,5.25,19.56,15.29,1.14,0.009107062,0.9107062
2012/12,SASA,-4.55,-0.84,-2.97,-11.46,64.36,5.78,4.08,6.54,1.06,0.006424607,0.6424607
2012/12,SELGD,7.36,-21.46,16.74,10.42,28.18,3.52,1.69,5.83,2.73,0.000126176,0.0126176
2012/12,SISE,3.6,7.96,5.74,6.91,35.72,5.26,3.64,8.37,1.81,0.081958873,8.1958873
2012/12,SKTAS,-9.67,-14.35,-21.74,-24.66,59.6,6.83,2.81,3.68,0.7,0.00422507,0.422507
2012/12,SNPAM,3.74,6.36,13.1,4.02,8.49,2.36,4.48,5.23,5.42,0.000783037,0.0783037
2012/12,TATGD,0.45,4.62,0.36,1.37,61.15,3.36,3.9,8.6,1.66,0.005610019,0.5610019
2012/12,TBORG,13.69,11.64,12.69,33.1,55.33,2.47,4.88,5.49,1.06,0.003150837,0.3150837
2012/12,TOASO,7.16,7.16,6.59,22.95,65.93,8.94,15.11,4.01,1.45,0.056882619,5.6882619
2012/12,TUKAS,-8.3,-15.14,-14.98,-27.62,61.66,1.99,1.9,4.3,1.61,0.001951231,0.1951231
2012/12,TUPRS,9.32,2.42,3.45,31.77,70.63,14.52,10.32,7.68,1.13,0.15644406,15.644406
2012/12,ULKER,5.73,7.39,7.13,17.04,65.79,3.75,10.53,4.13,1.98,0.029663339,2.9663339
2012/12,USAK,0.58,8.9,1.13,1.63,60.67,2.08,2.16,9.34,1.4,0.002277602,0.2277602
2012/12,VESTL,-2.2,-1.04,-1.58,-9.82,72.71,4.04,4.42,2.45,1.02,0.046196503,4.6196503
2012/12,YATAS,-0.76,4.09,-1.02,-2.56,69.91,3.42,1.39,2.03,1.36,0.002299172,0.2299172
2012/12,YUNSA,3.77,4.69,3,11.3,65.87,3.23,3.33,7.18,1.14,0.001964891,0.1964891
2013/12,ADEL,29.31,22.17,26.69,40.16,31.04,1.47,1.41,9.9,4.02,0.001685875,0.1685875
2013/12,AFYON,4.08,4.3,3.63,5.13,21.67,4.94,8.67,7.66,2.81,0.000420252,0.0420252
2013/12,AKCNS,11.02,17.12,13.13,16.63,32.3,3.74,7.95,5.52,1.26,0.012026885,1.2026885
2013/12,AKSA,8.35,11.37,8.01,14.01,42.18,5,8.11,5.02,1.39,0.014749319,1.4749319
2013/12,ALCAR,9.57,6.12,9.31,11.62,17.23,2.84,4.52,10.08,6.39,0.003054422,0.3054422
2013/12,ARCLK,5.53,7.76,5.39,15.13,63.73,2.85,4.16,5.39,1.87,0.092902834,9.2902834
2013/12,ARSAN,4.88,-6.34,8.94,9.28,41.77,4.7,3.73,8.33,0.97,0.001606192,0.1606192
2013/12,ASUZU,37.02,4.08,30.81,74.81,43.62,4.34,3.21,4.6,2.33,0.005275813,0.5275813
2013/12,ATEKS,-7.17,-12.99,-14.54,-9.21,22.79,8.16,3.95,3.66,1.42,0.001965716,0.1965716
2013/12,AYGAZ,6.68,2.86,3.42,8.88,29.63,16.06,23.21,16.85,1.3,0.025957834,2.5957834
2013/12,BAGFS,0.5,0.8,0.63,0.91,55.19,8.78,3.69,4.49,1.98,0.004051003,0.4051003
2013/12,BAKAB,3.13,5.81,3.34,6.03,50.05,4.16,5.21,3.14,1.57,0.001930214,0.1930214
2013/12,BANVT,-6.23,1.19,-3.38,-41.6,88.15,7.27,8.5,10.82,0.89,0.007927887,0.7927887
2013/12,BFREN,13.48,11.59,12.49,22.76,31.73,5.52,13.3,3.13,2.82,0.000501793,0.0501793
2013/12,BOSSA,2.69,3.34,4.64,4.15,39.78,3.93,3.4,4.88,1.7,0.005681605,0.5681605
2013/12,BRISA,10.9,11.62,9.69,27.27,59.55,3.36,3.94,6.6,1.8,0.011442373,1.1442373
2013/12,BRSAN,2.12,2.74,3.07,5.49,64.03,8.6,3.16,2.35,1.12,0.016321302,1.6321302
2013/12,BTCIM,5.14,13.47,8.06,9.39,41.15,5.34,6.78,6.27,1.79,0.006847294,0.6847294
2013/12,BUCIM,6.46,8.28,5.75,11.89,32.48,3.68,5.18,10.54,3.15,0.004083336,0.4083336
2013/12,BURCE,-6.34,-8.67,-11.28,-15.32,58.56,6.1,1.82,4.39,1.48,0.000338365,0.0338365
2013/12,CELHA,-0.7,7.06,-0.46,-2.11,72.56,4.73,7.23,9.89,1.22,0.000815815,0.0815815
2013/12,CEMTS,7.18,6.95,6.1,8.26,13.92,5.51,4.31,22.87,6.33,0.001611933,0.1611933
2013/12,CIMSA,20.09,19.07,31.7,29.21,21.77,4.23,7.25,7.07,1.66,0.011723947,1.1723947
2013/12,CMBTN,4.5,2.71,2.16,8.46,46.4,4.66,103.56,5.02,1.38,0.000588664,0.0588664
2013/12,CMENT,2.57,7.57,5.07,4.35,26.66,4.29,5.62,4.67,1.26,0.01141952,1.141952
2013/12,DEVA,3.17,8.28,5.88,6.3,51.24,2.21,1.96,10.22,1.8,0.006730044,0.6730044
2013/12,DITAS,10.21,6.01,7.49,18.95,48.43,4.35,4.43,7.03,1.95,0.000350832,0.0350832
2013/12,DMSAS,0.47,2.47,0.41,0.91,51.3,3.83,4.36,8.72,1.27,0.001172712,0.1172712
2013/12,ECILC,1.81,0.89,5.45,2.14,15.04,4.6,4.87,4.04,2.74,0.027984378,2.7984378
2013/12,EGEEN,23.01,17.49,16.99,35.31,32.09,4.36,4.39,7.88,3.32,0.001115813,0.1115813
2013/12,EGGUB,-3.43,8.75,-3.91,-6.77,53.77,16.9,3.63,4.13,0.64,0.001962625,0.1962625
2013/12,EGPRO,4.54,10.29,4.95,9.72,53.63,1.75,6.13,4.46,2.06,0.002920012,0.2920012
2013/12,ERBOS,8.85,8.79,7.12,14.54,42.64,3.89,3.44,5.08,2.11,0.001546009,0.1546009
2013/12,EREGL,6.77,15.8,9.41,11.74,37.96,7.31,2.72,17,2.43,0.114262811,11.4262811
2013/12,FMIZP,25.32,11.45,20.42,27.52,7.56,11.93,27.45,19.87,10.36,0.000260368,0.0260368
2013/12,FRIGO,-9.66,-11.59,-16.22,-29.77,72.98,12.01,2.25,2.99,1.5,0.000244097,0.0244097
2013/12,FROTO,12.06,4.89,5.62,30.31,62.67,9.77,12.54,8.93,1.02,0.048777727,4.8777727
2013/12,GENTS,11.73,9.99,11.32,15.44,14.42,3.4,3.41,12.12,4.88,0.001595286,0.1595286
2013/12,GOLTS,5.65,18.66,9.08,10.1,38.69,4.25,4.94,6.23,2.2,0.004000262,0.4000262
2013/12,GOODY,11.28,5.89,6.24,17.22,32.78,4.96,6.79,6.55,2.48,0.005187583,0.5187583
2013/12,GUBRF,3.64,14.64,4.18,14.33,63.05,5.28,4.04,3,1.08,0.024809231,2.4809231
2013/12,HEKTS,13.78,18.57,15.96,17.6,22.75,1.78,1.97,6.22,4.1,0.001085316,0.1085316
2013/12,IHEVA,-8.14,2.91,-21.53,-12.53,30.25,1.57,1.94,2.76,2.3,0.002176015,0.2176015
2013/12,KAPLM,-2.66,1.17,-2.04,-7.22,68.33,3.75,10.05,3.43,0.89,0.000649847,0.0649847
2013/12,KARTN,13.41,9.77,15.96,15.2,11.63,6.7,3.87,8.84,5.14,0.002302782,0.2302782
2013/12,KENT,-2.86,-1.99,-2.68,-4.55,37.13,3.33,7.02,4.59,1.39,0.004371154,0.4371154
2013/12,KLMSN,4.98,7.68,5.11,23.22,79.58,3.46,6.67,7.44,1.91,0.002441883,0.2441883
2013/12,KNFRT,5.39,18.8,6.7,10.12,45.54,4.36,1.24,4.84,2.2,0.000622893,0.0622893
2013/12,KONYA,8.9,13.02,12.39,10.57,18.22,4.56,6.24,6.96,3.5,0.003105083,0.3105083
2013/12,KORDS,1.83,2.97,2.01,3.58,41.33,5.79,3.58,10.44,1.42,0.0145519,1.45519
2013/12,KRSTL,3.62,6.04,5.38,4.02,12.85,1.47,7.6,7.74,5.53,0.000618797,0.0618797
2013/12,KRTEK,-8.97,0,-11.89,-22,63.81,2.24,4.47,8.87,1.71,0.001101982,0.1101982
2013/12,KUTPO,7.46,6.72,6.44,10.3,28.68,2.61,2.6,7.77,2.93,0.001674613,0.1674613
2013/12,MRSHL,-1.65,0.22,-1.07,-2.73,38.24,3.06,7.99,4.88,1.8,0.001423455,0.1423455
2013/12,OTKAR,8,9.42,6.89,37.5,80.13,3.98,3.65,11.59,1.19,0.011196703,1.1196703
2013/12,OYAKC,17.25,23.91,26.34,22.38,20.03,3.41,3.8,10.39,2.49,0.002469221,0.2469221
2013/12,PARSN,2.53,7.29,6.67,3.56,20.37,4.98,3.67,8.52,1.51,0.003855309,0.3855309
2013/12,PENGD,-12.87,-13.15,-28.83,-30.52,62.81,4.51,1.58,2.93,1.35,0.001504194,0.1504194
2013/12,PETKM,1.62,3.1,1.18,2.9,47.39,6.57,8.48,4.74,1.4,0.026424541,2.6424541
2013/12,PINSU,-6.94,-9.47,-7.86,-11.44,43.86,4.69,8.85,2.67,0.81,0.001057648,0.1057648
2013/12,PNSUT,10.37,6.73,8.33,14.73,29.78,6.63,8.91,5.09,1.51,0.005563525,0.5563525
2013/12,PRKAB,1.81,1.72,1.11,6.8,77,4.14,8.75,2.45,1.3,0.004796455,0.4796455
2013/12,SARKY,2.76,2.47,1.07,8.06,64.27,5.1,17.03,22.25,1.28,0.007395679,0.7395679
2013/12,SASA,0.93,1.29,0.57,2.53,61.67,4.11,5.97,5.76,1.16,0.005308625,0.5308625
2013/12,SELGD,8.52,-10.68,12.45,12.73,36.63,5.29,5.24,9.97,2.5,0.000140788,0.0140788
2013/12,SISE,4.27,5.91,7.25,8.53,42.39,5.34,3.76,7.43,2.55,0.093486691,9.3486691
2013/12,SKTAS,-12.01,12.43,-28.36,-36.1,73.42,5.49,2.51,3.8,0.67,0.003893549,0.3893549
2013/12,SNPAM,7.75,15.06,26.86,8.28,4.37,2.35,4.38,5.4,8.75,0.00070532,0.070532
2013/12,TATGD,0.43,5.59,0.36,1.24,60.87,3.02,3.44,7.46,1.95,0.004615606,0.4615606
2013/12,TBORG,21.09,23.16,18.1,43.61,48.93,2.74,4.38,4.76,1.29,0.003719389,0.3719389
2013/12,TOASO,7.25,6.92,6.17,21.93,67.97,12.54,14.28,4.58,1.32,0.048264904,4.8264904
2013/12,TUKAS,-18.74,-9.83,-29.1,-67.07,81.92,2.25,1.91,8.89,1.64,0.00178209,0.178209
2013/12,TUPRS,6.34,1.88,2.91,24.09,75.69,16.72,11.35,6.68,0.94,0.172107915,17.2107915
2013/12,ULKER,5.97,9.58,6.86,18.08,59.89,4.28,11.31,4.32,1.17,0.02574327,2.574327
2013/12,USAK,-1.46,8.58,-2.56,-3.98,65.75,1.9,2.26,8.53,1.24,0.002169751,0.2169751
2013/12,VESTL,-1.89,2.5,-1.6,-7.89,76.14,3.97,4.13,2.07,0.96,0.045892498,4.5892498
2013/12,YATAS,0.82,8.35,0.92,2.69,69.05,4.72,1.51,2.15,1.29,0.001970552,0.1970552
2013/12,YUNSA,6.9,7.84,5.75,21.32,69.2,2.74,3.26,7.29,1.13,0.001960076,0.1960076
2014/12,ADEL,11.49,23.24,12.69,19.3,47.42,1.38,1.14,10.49,1.78,0.002061221,0.2061221
2014/12,AFYON,21.17,20.78,16.84,27.67,24.85,4.32,8.79,5.67,2.64,0.000518568,0.0518568
2014/12,AKCNS,16.16,23,17.63,23.35,27.87,3.92,7.63,4.72,1.54,0.011710593,1.1710593
2014/12,AKSA,8.55,10.72,7.73,15.07,44.29,4.81,8.26,4.63,1.3,0.014604459,1.4604459
2014/12,ALCAR,7.66,5.62,7.24,9.22,16.52,2.89,4.14,10.8,6.79,0.002887932,0.2887932
2014/12,ARCLK,5.18,7.89,4.93,14.66,64.51,2.83,4.08,4.98,1.91,0.090579197,9.0579197
2014/12,ARSAN,19.07,4.11,42.02,33.58,41.32,4.02,2.4,10.77,1.13,0.001992146,0.1992146
2014/12,ASUZU,5.12,4.18,4.71,9.82,51.79,3.81,2.99,3.42,1.84,0.005061597,0.5061597
2014/12,ATEKS,32.32,4.47,72.86,39.76,16.69,7.54,3.72,3.23,1.8,0.002454116,0.2454116
2014/12,AYGAZ,6.6,1.67,3.09,9.47,30.86,16.32,34.23,18.81,1,0.024935526,2.4935526
2014/12,BAGFS,5.44,7.2,10.18,13,60.19,7.88,4.12,3.05,1.7,0.005404265,0.5404265
2014/12,BAKAB,3.21,4.9,3.09,6.18,46.1,4.66,4.82,3.56,1.54,0.001720591,0.1720591
2014/12,BANVT,-2.1,2.12,-1.07,-19.94,90.74,7.16,9.13,9.48,0.86,0.007224734,0.7224734
2014/12,BFREN,13.53,11.36,11.2,19.83,31.84,5.24,7.18,5.11,2.92,0.000546828,0.0546828
2014/12,BOSSA,1.07,2.93,1.8,1.97,52.49,4.2,3.19,3.38,1.24,0.004515732,0.4515732
2014/12,BRISA,12.5,13.81,11,31.76,61.63,3.64,3.88,6.04,1.86,0.011519678,1.1519678
2014/12,BRSAN,1.07,3.79,1.53,2.92,62.79,8.51,3.43,2.57,1.02,0.019606807,1.9606807
2014/12,BTCIM,8.86,19.5,13.51,16.45,37.8,5.16,7.5,5.91,1.59,0.006677406,0.6677406
2014/12,BUCIM,11.48,11.68,9.64,20.47,26.91,3.92,5.21,9.2,3.56,0.003855811,0.3855811
2014/12,BURCE,0.05,-1.23,0.06,0.14,66.17,8.36,2.65,5.04,1.01,0.000358714,0.0358714
2014/12,CELHA,7.82,6.1,4.98,25.19,65.36,4.42,6.15,10.71,1.14,0.000730197,0.0730197
2014/12,CEMTS,7.56,6.05,6.09,8.89,15.94,5.46,4.21,14.83,4.57,0.001588102,0.1588102
2014/12,CIMSA,13.09,24.14,17.63,17.55,22.42,4.2,6.75,6.13,1.63,0.011018043,1.1018043
2014/12,CMBTN,2.28,-0.52,1.11,4.25,46.14,4,99.42,5.03,1.42,0.00054796,0.054796
2014/12,CMENT,7.68,10.62,14.2,12.81,23.02,4.27,5.76,4.36,1.7,0.010834919,1.0834919
2014/12,DEVA,1.01,8.49,1.86,2.14,53.9,2.27,2.04,9.66,1.57,0.006529681,0.6529681
2014/12,DITAS,16.17,14.21,10.59,28.53,38.78,4.1,4.61,6.45,2.41,0.000351284,0.0351284
2014/12,DMSAS,2.92,4.64,2.49,6.13,53.3,4.09,4.59,7.18,1.32,0.001155059,0.1155059
2014/12,ECILC,-1.29,-2.35,-4.14,-1.54,15.4,4.52,5.01,3.6,2.75,0.023848627,2.3848627
2014/12,EGEEN,38.26,26.44,24.72,50.09,16.36,4.7,4.34,8.31,5.46,0.001165109,0.1165109
2014/12,EGGUB,3.8,11.33,5.14,8.75,58.75,20.48,4.34,2.66,0.65,0.002153785,0.2153785
2014/12,EGPRO,5.79,9.63,5.88,12.52,53.86,1.81,5.1,4.43,1.53,0.002991626,0.2991626
2014/12,ERBOS,11.82,10.3,9.63,19.98,39.24,4.4,3.29,4.87,2.23,0.001528843,0.1528843
2014/12,EREGL,10.69,18.11,13.94,17.34,35.29,6.68,2.85,19.63,2.37,0.116438791,11.6438791
2014/12,FMIZP,25.97,17.42,18.66,28.97,12.75,6.94,15.05,20.23,6.09,0.000276001,0.0276001
2014/12,FRIGO,-3.73,-1.34,-4.6,-14.37,74.97,11.26,2.28,3.29,1.14,0.000238064,0.0238064
2014/12,FROTO,8.99,4.42,4.99,23.84,61.93,8.67,15.5,7.25,1,0.052874208,5.2874208
2014/12,GENTS,7.55,7.93,6.78,10.3,18.33,3.32,3.42,12,3.99,0.001608728,0.1608728
2014/12,GOLTS,8.82,14.43,13.35,16.38,42.55,2.93,4.42,7.51,2.57,0.004197008,0.4197008
2014/12,GOODY,7.6,4.93,4.16,11.25,32.1,5.56,5.84,6.45,2.38,0.004445103,0.4445103
2014/12,GUBRF,6.67,14.68,7.39,24.68,60.92,7.1,3.62,3.09,1.13,0.023908261,2.3908261
2014/12,HEKTS,15.18,18.32,16.02,20.9,31.2,1.69,2.27,7.93,2.89,0.001164926,0.1164926
2014/12,IHEVA,4.42,-2.65,11.5,6.26,22.17,1.06,1.68,2.6,3.97,0.001796136,0.1796136
2014/12,KAPLM,-2.31,0.46,-1.52,-7.71,71.74,3.21,12.47,3.46,0.9,0.000603844,0.0603844
2014/12,KARTN,6.32,-0.64,9.72,7.62,21.64,7.24,4.09,5.54,1.31,0.002426373,0.2426373
2014/12,KENT,4.06,2.67,3.58,6.43,36.69,4.26,8.21,4.18,1.64,0.004120047,0.4120047
2014/12,KLMSN,3.3,8.37,4.67,15.94,79.07,3.48,4.57,5.01,2.31,0.00251506,0.251506
2014/12,KNFRT,16.19,22.92,15.44,23.96,16.64,5.37,1.59,9.14,6.25,0.000464175,0.0464175
2014/12,KONYA,14.95,19.99,18.28,17.95,15.35,4.77,6.14,6.2,4.51,0.003106091,0.3106091
2014/12,KORDS,4.11,6.79,4.92,8.74,44.87,5.23,3.02,8.44,1.32,0.014407299,1.4407299
2014/12,KRSTL,0.44,-1.02,0.59,0.55,25.84,1.74,5.04,3.94,2.81,0.000655567,0.0655567
2014/12,KRTEK,-7.26,-3.11,-12.01,-21.86,68.97,2.31,3.82,10.41,1.52,0.001330007,0.1330007
2014/12,KUTPO,22.67,9.18,18.89,31.11,25.93,3.19,2.4,8.61,3.06,0.001956407,0.1956407
2014/12,MRSHL,-0.19,1.3,-0.12,-0.3,38.53,3.24,6.99,4.03,1.85,0.001282739,0.1282739
2014/12,OTKAR,5.57,9.02,5.91,28.12,80.23,4.15,2.87,10,1.05,0.009029068,0.9029068
2014/12,OYAKC,19.75,27.67,30.73,24.43,18.26,3.2,3.09,10.81,2.75,0.002240991,0.2240991
2014/12,PARSN,4.97,12.38,12.93,7.18,24.91,5.59,3.65,7.37,1.64,0.00392752,0.392752
2014/12,PENGD,-6.54,-4.89,-11.4,-18.76,67.58,5.41,2.36,5.86,1.06,0.001283281,0.1283281
2014/12,PETKM,0.18,-1.28,0.16,0.34,42.37,6.59,8.59,4.97,1.56,0.027683513,2.7683513
2014/12,PINSU,1.71,-3.14,1.63,3.27,51.76,4.39,9.4,2.66,1.11,0.00089286,0.089286
2014/12,PNSUT,11.9,5.75,9.26,17.26,32.14,6.41,8.69,4.99,1.42,0.005700632,0.5700632
2014/12,PRKAB,1.92,3.31,1.23,8.61,78.34,4.13,8.3,2.08,1.32,0.004684057,0.4684057
2014/12,SARKY,2.73,1.67,0.96,7.43,62.21,6.69,15.06,48.47,1.27,0.006400515,0.6400515
2014/12,SASA,10.83,5.74,5.9,25.03,51.87,4.87,5.99,6.17,1.4,0.004863608,0.4863608
2014/12,SELGD,-0.46,-14.9,-0.64,-0.83,49.72,6.56,5.53,11.75,1.67,0.000157766,0.0157766
2014/12,SISE,3.47,8.07,6.01,7.39,41.38,5.57,3.63,7.49,2.97,0.090248756,9.0248756
2014/12,SKTAS,-9.85,11.46,-19.37,-41.81,79.83,6.86,2.89,4.65,0.64,0.003110054,0.3110054
2014/12,SNPAM,7.76,18.05,26.55,8.13,4.68,3.37,4.43,6.82,7.64,0.000689007,0.0689007
2014/12,TATGD,24.42,5.09,18.39,54.47,47.29,3.71,4.16,7.86,1.98,0.004852076,0.4852076
2014/12,TBORG,21.54,24.16,20.47,40.91,46.22,2.83,5.76,4.3,1.43,0.004802223,0.4802223
2014/12,TOASO,8.8,7.17,7.72,27.74,68.54,13.74,14,4.07,1.14,0.052062256,5.2062256
2014/12,TUKAS,-20.55,-38.21,-41.25,-79.58,66,2.51,1.8,14.77,1.45,0.00151612,0.151612
2014/12,TUPRS,6.77,1.34,3.67,25.94,71.67,40.93,11.04,6.2,0.82,0.160276956,16.0276956
2014/12,ULKER,5.48,9.59,7.32,20.12,75.53,4.54,9.41,4.1,1.97,0.033379042,3.3379042
2014/12,USAK,0.75,9.23,1.23,2.2,66.25,2.2,2.6,8.44,1.14,0.002021178,0.2021178
2014/12,VESTL,1.5,5.84,1.25,7.52,81.28,4.26,3.85,1.9,1.06,0.053502322,5.3502322
2014/12,YATAS,3.14,8.47,2.99,10.44,70.65,6,1.66,2.69,1.4,0.002041457,0.2041457
2014/12,YUNSA,12.02,7.86,10.05,36.44,65.22,2.6,3.25,6.96,1.23,0.002140751,0.2140751
2015/12,ADEL,21.61,18.61,28.42,40.39,45.82,1.33,1.16,8.94,1.57,0.00232466,0.232466
2015/12,AFYON,6.4,16.74,22.07,13.01,55.71,4.79,6.54,3.1,4.86,0.002285871,0.2285871
2015/12,AKCNS,17,24.44,19.14,24.13,29.59,4,7.43,4.08,1.74,0.010437569,1.0437569
2015/12,AKSA,9.38,14.08,9.83,16.89,44.61,3.96,8.01,4.44,1.43,0.013798217,1.3798217
2015/12,ALCAR,8.9,4.13,8.4,10.82,18.84,2.78,3.76,9.87,5.88,0.002644154,0.2644154
2015/12,ARCLK,6.82,7.67,6.29,19.78,65.97,2.9,4.21,4.97,1.8,0.084099647,8.4099647
2015/12,ARSAN,6.68,4.2,15.47,11.47,39.92,3.83,2.16,10.98,1.1,0.001794226,0.1794226
2015/12,ASUZU,2.25,4.96,1.9,5.4,63.3,4.08,2.53,3.38,1.8,0.005394247,0.5394247
2015/12,ATEKS,20.33,4.31,51.56,24.06,15.23,7.49,3.28,3.52,1.96,0.002577892,0.2577892
2015/12,AYGAZ,11.42,3.95,6.52,16.84,33.33,14.29,32.48,16.63,1.21,0.023973598,2.3973598
2015/12,BAGFS,24.46,10.63,50.78,57.25,55.43,8.98,2.9,2.39,1.08,0.007180638,0.7180638
2015/12,BAKAB,1.03,3.41,0.93,2.18,58.56,4.49,4.82,3.72,1.37,0.001670936,0.1670936
2015/12,BANVT,-9.77,0.02,-4.98,-64.21,79.17,8.33,12.04,7.93,0.6,0.006432139,0.6432139
2015/12,BFREN,17,12.05,14,24.27,27.99,5.26,15.58,5.87,3.26,0.000438166,0.0438166
2015/12,BOSSA,3.34,6.6,5.82,7.25,55.16,4.85,3.58,3.04,1.25,0.004201594,0.4201594
2015/12,BRISA,10.62,13.82,10.94,31.24,69.21,2.73,3.46,5.17,1.31,0.013075696,1.3075696
2015/12,BRSAN,0.66,4.07,0.98,1.7,60.37,7.01,2.87,2.48,1,0.019270386,1.9270386
2015/12,BTCIM,6.27,20.18,10.65,12.09,45.39,3.84,6.66,3.96,1.69,0.006905048,0.6905048
2015/12,BUCIM,8.69,9.93,8.14,15.25,32,3.73,4.63,8.25,2.81,0.003740908,0.3740908
2015/12,BURCE,-4.77,0.63,-7.86,-10.43,42.71,7.91,2.58,4.64,1.12,0.000466538,0.0466538
2015/12,CELHA,0.6,1.05,0.45,1.91,71.18,3.61,7.6,6.84,1.07,0.000678643,0.0678643
2015/12,CEMTS,3.38,4.22,3.01,4.21,23.19,5.5,4.02,12.56,3.45,0.001466635,0.1466635
2015/12,CIMSA,14.06,24.92,20.94,21.28,34.81,3.65,7.42,4.73,1.57,0.012123744,1.2123744
2015/12,CMBTN,1.86,0.82,0.94,3.61,50.58,3.82,97.94,4.46,1.4,0.000517152,0.0517152
2015/12,CMENT,4.85,7.27,9.79,7.66,22.11,4,4.31,3.83,1.71,0.009424756,0.9424756
2015/12,DEVA,5.05,14.54,8.27,11.02,54.37,2.52,2.1,7.99,1.03,0.006078308,0.6078308
2015/12,DITAS,-0.47,-0.36,-0.35,-1.01,63.57,4.63,4.82,5.54,1.57,0.000412599,0.0412599
2015/12,DMSAS,3.14,2.08,2.88,7.13,58.42,4.09,4.5,6.71,1.36,0.00110304,0.110304
2015/12,ECILC,2.04,0.69,5.78,2.47,18.69,4.47,6.4,3.73,2.29,0.02062826,2.062826
2015/12,EGEEN,47.08,30.77,32.53,61.09,26.77,4.95,4.99,9.19,5.55,0.001676882,0.1676882
2015/12,EGGUB,0.64,13.18,0.74,1.51,56.43,21.05,3.69,3.03,0.63,0.001721897,0.1721897
2015/12,EGPRO,5.12,8.32,6.09,12.02,58.05,1.84,5.1,3.81,1.89,0.004401844,0.4401844
2015/12,ERBOS,8.52,7.08,7.01,13.11,30.62,4.02,3.27,5.21,2.78,0.001227974,0.1227974
2015/12,EREGL,6.51,13.73,9.45,10.15,32.72,7.41,2.84,19.71,3.06,0.114070176,11.4070176
2015/12,FMIZP,37.46,22.26,27.02,42.09,9.53,7.82,19.97,18.72,9.2,0.000274858,0.0274858
2015/12,FRIGO,-10.15,-2.4,-12.03,-45.92,80.33,11.25,2.41,2.27,0.92,0.00023981,0.023981
2015/12,FROTO,10.75,5.86,5.03,28.96,63.7,9.68,13.94,7.24,1.05,0.051592914,5.1592914
2015/12,GENTS,4.44,-4.76,4.92,6.5,25.41,2.87,3.4,8.14,3.69,0.001491268,0.1491268
2015/12,GOLTS,3.04,12.75,5.12,6.45,53.2,2.61,3.98,6.28,1.47,0.004117791,0.4117791
2015/12,GOODY,10.2,4.27,5.63,16.3,41.45,5.22,7.03,5.16,1.86,0.004969787,0.4969787
2015/12,GUBRF,2.47,10.67,2.91,8.63,55.74,7.66,3.1,3.69,1.17,0.022205921,2.2205921
2015/12,HEKTS,14.04,20.41,15.03,21.55,38.03,1.67,2.18,3.94,2.29,0.001139452,0.1139452
2015/12,IHEVA,4.89,5.72,10.7,6.31,22.77,0.93,1.85,2.58,4.02,0.001616673,0.1616673
2015/12,KAPLM,-9.08,-3.33,-5.92,-38.04,80.58,3.21,11.12,3.36,0.82,0.000497183,0.0497183
2015/12,KARTN,6.28,0.42,8.05,8.01,21.58,6.93,4.71,7.56,1.69,0.002197304,0.2197304
2015/12,KENT,8.85,5.66,9.26,13.47,31.97,4.37,7.44,3.08,1.7,0.00365058,0.365058
2015/12,KLMSN,5.88,10.13,8.2,26.59,76.83,3.14,4.24,4.51,2.62,0.002448064,0.2448064
2015/12,KNFRT,10,12.72,12.97,11.63,11.57,3.39,1.45,10.26,8.65,0.000411068,0.0411068
2015/12,KONYA,10.77,12.9,13.84,12.76,15.81,4.64,5.72,6.39,4.5,0.002675408,0.2675408
2015/12,KORDS,4.79,9.17,5.72,10.71,44.07,5.39,3.08,8.64,1.5,0.013308236,1.3308236
2015/12,KRSTL,2.34,1.45,2.51,3.06,21.12,2.1,6.46,4.2,3.49,0.000531728,0.0531728
2015/12,KRTEK,-5.93,1.51,-10.07,-23.09,78.9,3.16,4.17,7.16,1.36,0.001303084,0.1303084
2015/12,KUTPO,8.92,8.58,9.44,12.16,27.26,3.07,1.96,8.58,2.78,0.00186312,0.186312
2015/12,MRSHL,-0.29,1.84,-0.2,-0.47,38.64,3.06,5.96,3.62,1.94,0.001059117,0.1059117
2015/12,OTKAR,5.6,7.43,5.54,32.48,84.72,4.79,2.94,8.6,1.54,0.009825314,0.9825314
2015/12,OYAKC,14.71,24.06,28.59,17.99,18.23,2.75,2.91,9.48,2.63,0.001792896,0.1792896
2015/12,PARSN,2.68,8.64,8.73,4.53,40.31,5.54,3.75,5.78,1.04,0.005391403,0.5391403
2015/12,PENGD,2.05,4.47,3.55,6.49,69.18,5.43,1.92,4.26,0.94,0.001202704,0.1202704
2015/12,PETKM,13.54,12.28,13.82,25.71,48.63,7.64,8.78,4.22,1.75,0.033427212,3.3427212
2015/12,PINSU,-6.62,-3.89,-6.23,-15.97,64.07,4.64,9.26,1.93,0.71,0.000915608,0.0915608
2015/12,PNSUT,7.48,5.33,6.15,11.15,33.56,6.8,8.21,4.88,1.16,0.005409884,0.5409884
2015/12,PRKAB,2.13,3.89,1.4,9.47,76.71,4.25,7.86,2.04,1.29,0.004028658,0.4028658
2015/12,SARKY,3.88,3.01,1.31,10.3,62.41,7.26,13.39,66.16,1.36,0.005920471,0.5920471
2015/12,SASA,10.36,6.87,6.36,19.88,44.1,4.54,4.63,8.25,1.69,0.004282331,0.4282331
2015/12,SELGD,4.55,-10.81,10.04,7.92,34.79,6.01,4.26,7.99,2.25,0.000124601,0.0124601
2015/12,SISE,5.16,8.99,9.75,10.99,39.33,5.29,3.19,7.41,2.84,0.095879497,9.5879497
2015/12,SKTAS,-6.02,12.18,-11.16,-34.65,85.37,6.73,3.05,4.8,0.63,0.002667191,0.2667191
2015/12,SNPAM,12.59,21.61,43.59,13.18,4.31,3.69,3.65,6.06,9.98,0.000655889,0.0655889
2015/12,TATGD,10.21,6.37,7.39,17.53,36.1,4.12,4.23,7.22,2.39,0.004007007,0.4007007
2015/12,TBORG,20.11,24.34,21.24,36.56,44.1,2.9,7.05,4.39,1.63,0.005579044,0.5579044
2015/12,TOASO,9.78,7.15,8.37,34.45,73.83,12.53,14.12,4.11,1.15,0.060397731,6.0397731
2015/12,TUKAS,15.84,11.09,23.35,39.51,55.26,4.33,1.91,6.85,1.48,0.001663483,0.1663483
2015/12,TUPRS,10.76,8.81,6.91,35.27,67.14,18.74,12.57,6.92,0.99,0.155914147,15.5914147
2015/12,ULKER,5.96,10.62,7.7,25.11,70.22,5.79,11.33,4.85,1.87,0.032098011,3.2098011
2015/12,USAK,0.37,12.09,0.64,1.28,74.63,2.46,2.64,6.84,1.08,0.00225193,0.225193
2015/12,VESTL,0.72,6.32,0.64,4.18,83.14,4.06,3.21,1.77,1.07,0.057149584,5.7149584
2015/12,YATAS,3.14,7.85,2.77,10.52,69.62,6.76,1.72,2.79,1.26,0.001814744,0.1814744
2015/12,YUNSA,1.68,4.87,1.86,5.25,70.64,2.27,2.39,5.16,1.14,0.001763259,0.1763259
2016/12,ADEL,5.46,20.19,6.93,9.4,37.23,1.34,1.29,9.16,2.3,0.001624307,0.1624307
2016/12,AFYON,1.99,0.87,15.79,5.64,70.33,4.99,8.16,2.2,0.15,0.003073319,0.3073319
2016/12,AKCNS,16.14,22.78,19.6,23.84,33.41,3.53,7.55,3.83,1.22,0.009613402,0.9613402
2016/12,AKSA,5.15,16.28,6.44,10.07,52.54,3.81,8.03,3.83,1.26,0.013732581,1.3732581
2016/12,ALCAR,8.69,4.03,7.82,10.98,22.75,2.79,3.45,9.82,4.77,0.002317831,0.2317831
2016/12,ARCLK,8.48,7.44,8.08,24.45,64.49,3.21,4.42,4.16,1.66,0.088192904,8.8192904
2016/12,ARSAN,4.41,0.68,9.24,7.26,37.73,3.53,2.84,14.75,1.04,0.001543963,0.1543963
2016/12,ASUZU,-5.25,0.99,-5.58,-15.82,70.35,3.24,2.17,3.16,1.85,0.004616176,0.4616176
2016/12,ATEKS,0.97,-4.21,2.45,1.14,14.53,5.87,3.31,4.04,2.04,0.002450375,0.2450375
2016/12,AYGAZ,10.2,4.61,6.16,15.54,35.2,15.22,35.22,14.15,1.38,0.022066121,2.2066121
2016/12,BAGFS,-3.23,6.35,-7.53,-7.46,57.88,17.26,3.55,2.3,1.19,0.006004689,0.6004689
2016/12,BAKAB,3.62,7.46,3.54,9.28,62.99,4.02,4.91,3.24,1.39,0.001689593,0.1689593
2016/12,BANVT,5.84,8.62,3.23,23,70.23,12.1,11.77,7.38,1.02,0.00567323,0.567323
2016/12,BFREN,24.74,10.75,16.45,33.68,25.21,5.55,14.84,9.16,3.74,0.000406886,0.0406886
2016/12,BOSSA,-8.14,4.72,-13.08,-26.31,89.19,4.88,4.24,2.97,0.81,0.00247414,0.247414
2016/12,BRISA,3.22,9.43,4.54,13.05,79.9,2.3,3.4,3.96,1.15,0.014792908,1.4792908
2016/12,BRSAN,3.05,9.03,5.19,7.17,54.77,7.4,3.1,2.07,0.94,0.018481351,1.8481351
2016/12,BTCIM,0.56,10.11,1.24,1.33,59.71,3.38,7.87,3.16,1.35,0.007809065,0.7809065
2016/12,BUCIM,11.42,13.38,10.73,20.25,30.6,3.53,4.57,8.12,2.6,0.00362108,0.362108
2016/12,BURCE,-1.32,5.74,-2.26,-2.54,47.39,7.65,2.68,6.31,1.01,0.000417938,0.0417938
2016/12,CELHA,1.74,5.23,1.35,6.28,73.35,3.77,6.56,3.07,1.11,0.000657183,0.0657183
2016/12,CEMTS,10.78,10.01,9.67,14.62,28.75,5.12,3.95,12.6,2.15,0.001526353,0.1526353
2016/12,CIMSA,10.88,24.42,21.02,20.18,46.51,3.41,6.65,3.3,0.64,0.013250357,1.3250357
2016/12,CMBTN,-4.09,-0.51,-1.77,-9.3,60.85,3.54,87.48,4.41,1.14,0.000505733,0.0505733
2016/12,CMENT,0.31,4.28,0.6,0.47,21.64,3.48,5.6,3.76,1.84,0.007823525,0.7823525
2016/12,DEVA,6,15.93,8.76,12.49,49.6,3,2.16,8.62,1.83,0.005307038,0.5307038
2016/12,DITAS,-5.69,-4.47,-5.51,-17.14,70.05,3.92,3.42,5.11,1.6,0.000350907,0.0350907
2016/12,DMSAS,-7.62,-0.78,-7.63,-22.26,72.27,4.54,4.87,5.97,1.12,0.001060848,0.1060848
2016/12,ECILC,5.02,8.96,34.86,6.17,18.74,1.47,2.45,1.12,1.93,0.020824437,2.0824437
2016/12,EGEEN,32.56,31.76,38.75,43.1,22.54,4.72,4.65,6.8,6.3,0.001723165,0.1723165
2016/12,EGGUB,7.84,12.79,6.51,15.97,44.98,21.56,7.42,3.96,0.62,0.001376496,0.1376496
2016/12,EGPRO,7.22,8.45,8.24,18.6,61.3,2.3,5.36,3.01,1.32,0.004937964,0.4937964
2016/12,ERBOS,15.32,11.12,13.19,22.17,31.11,4.32,4.23,4.78,2.62,0.001430006,0.1430006
2016/12,EREGL,7.17,17.44,13.03,11.07,33.79,7.47,2.75,12.24,2.62,0.123356166,12.3356166
2016/12,FMIZP,36.91,21.15,27.45,41.51,12.58,9.54,23.46,18.11,6.46,0.000238022,0.0238022
2016/12,FRIGO,-3.76,-1.03,-4.46,-18.44,78.83,12.52,2.98,2.03,0.86,0.000186648,0.0186648
2016/12,FROTO,10.79,5.63,5.22,30.7,65.93,9.84,12.85,6.57,1.09,0.048433077,4.8433077
2016/12,GENTS,6.59,9.02,6.94,10.6,31.55,3.06,2.8,6.12,2.76,0.001516146,0.1516146
2016/12,GOLTS,1.27,11.43,2.72,3.12,57.3,2.07,3.98,4.1,1.14,0.003694933,0.3694933
2016/12,GOODY,5.68,6.81,3.39,9.88,43.62,4.93,6.85,4.18,1.79,0.004213915,0.4213915
2016/12,GUBRF,-1.96,2.1,-2.42,-6.89,64.48,7.85,3.51,4.21,0.89,0.017645146,1.7645146
2016/12,HEKTS,15.01,20.95,16.6,24.57,39.69,1.55,1.88,2.78,3.26,0.00106779,0.106779
2016/12,IHEVA,-0.27,7.54,-0.66,-0.37,27.75,0.74,1.69,2.06,3.72,0.001339142,0.1339142
2016/12,KAPLM,-0.88,3.38,-0.62,-4.61,81.16,3.19,10.37,2.83,0.79,0.000404928,0.0404928
2016/12,KARTN,0.82,2.52,0.91,1.03,19.2,7.35,4.27,12.1,2.24,0.001832324,0.1832324
2016/12,KENT,-2.68,0.45,-2.63,-4.2,40.25,4.48,6.71,3.23,1.05,0.003059516,0.3059516
2016/12,KLMSN,8.48,8.59,11.84,35.73,75.82,3.19,4.92,4.73,2.46,0.002833291,0.2833291
2016/12,KNFRT,12.85,18.26,22.45,15.37,20.08,4.17,0.77,4.92,4.19,0.000452245,0.0452245
2016/12,KONYA,9.79,12.98,15.11,11.78,17.88,4.05,4.22,4.67,3.82,0.002125927,0.2125927
2016/12,KORDS,6.07,11.56,7.5,13.49,42.14,5.51,3.16,6.63,1.41,0.013266848,1.3266848
2016/12,KRSTL,3.35,4.23,2.86,4.45,27.68,2.6,8.5,6.65,2.56,0.000491343,0.0491343
2016/12,KRTEK,-4.82,3.02,-7.36,-26.43,84.47,3.1,4.29,6.55,1.44,0.001166367,0.1166367
2016/12,KUTPO,11.11,10.78,11.24,14.95,24.26,3.78,2.27,7.73,3.29,0.001751793,0.1751793
2016/12,MRSHL,2.12,3.63,1.35,3.42,37.15,2.42,6.88,3.95,2.43,0.000899089,0.0899089
2016/12,OTKAR,4.11,7.4,4.27,28.56,86.38,4.82,2.49,4.32,1.36,0.009306071,0.9306071
2016/12,OYAKC,13.01,20.44,27.26,15.46,13.4,2.69,2.63,7.65,3.58,0.001519896,0.1519896
2016/12,PARSN,-0.43,2.3,-1.8,-0.87,48.83,5.75,3.61,5.21,0.74,0.005319761,0.5319761
2016/12,PENGD,-5.27,1.32,-8.54,-19.32,76.1,11.6,2.23,3.09,0.81,0.001083994,0.1083994
2016/12,PETKM,12.38,16.87,16.01,25.28,51.03,7.83,7.83,4.61,1.48,0.032694284,3.2694284
2016/12,PINSU,-10.76,-10.83,-11.99,-33.21,70.09,5.44,7.06,2.1,0.71,0.001108674,0.1108674
2016/12,PNSUT,6.61,6.09,5.62,10.17,36.45,6.06,8.26,4.83,1.23,0.004869271,0.4869271
2016/12,PRKAB,3.05,3.72,2.12,12.76,75.51,3.75,8.69,1.95,1.27,0.003492039,0.3492039
2016/12,SARKY,2.92,2.12,1.04,8.16,65.88,8.42,11.11,37.88,1.37,0.005778171,0.5778171
2016/12,SASA,15.83,10.32,11.59,29.82,48.84,3.33,5.44,8.37,2.58,0.005383499,0.5383499
2016/12,SELGD,-4.98,-12.08,-10.91,-8.13,42.05,4.59,2.29,10.6,2.58,0.000110088,0.0110088
2016/12,SISE,4.27,9.19,8.67,9.28,40.85,4.56,3.14,6.83,2.15,0.099892222,9.9892222
2016/12,SKTAS,-6.31,10.1,-11.5,-34.03,78.44,5.97,3.53,4.75,0.6,0.002960714,0.2960714
2016/12,SNPAM,11.64,17.08,36.99,12.23,5.21,2.89,4.74,7.79,7.08,0.000637508,0.0637508
2016/12,TATGD,9.61,6.4,6.59,14.72,33.34,3.88,4.31,6.63,3.26,0.003606431,0.3606431
2016/12,TBORG,21.57,27.09,24.61,37.71,41.89,2.97,5.3,4.12,1.77,0.006704987,0.6704987
2016/12,TOASO,8.94,5.93,6.82,35.03,75.04,11.09,14.62,4.43,1.1,0.061795615,6.1795615
2016/12,TUKAS,5.38,11.17,7.51,11.8,53.6,4.65,1.83,6.07,1.55,0.001533614,0.1533614
2016/12,TUPRS,6.33,7.61,5.14,21.88,73.84,14.03,11.01,5.75,1.08,0.162822287,16.2822287
2016/12,ULKER,4.78,11.64,6.5,20.98,76.54,5.64,9.65,4.91,1.08,0.032157816,3.2157816
2016/12,USAK,1.21,14.14,2.24,4.7,73.89,2,2.81,3.57,0.9,0.002386365,0.2386365
2016/12,VESTL,1.77,5.88,1.76,10.15,80.94,3.56,4.03,1.81,1.12,0.050337108,5.0337108
2016/12,YATAS,5.42,7.54,3.48,17.74,69.3,9.58,2.7,3.54,1.23,0.001818181,0.1818181
2016/12,YUNSA,-12.56,-8.74,-13.81,-52.59,82.31,2.78,2.09,6.62,1.21,0.001330883,0.1330883
2017/12,ADEL,8.05,18.59,8.33,13.41,42.34,1.43,1.63,9.09,1.87,0.001524852,0.1524852
2017/12,AFYON,7.84,17.51,32.12,26.76,71,3.68,6.97,3.43,0.56,0.003378033,0.3378033
2017/12,AKCNS,7.91,14.84,9.79,12.86,42.13,3.43,7.32,4.3,1,0.008202005,0.8202005
2017/12,AKSA,9.85,15.45,10.68,22.47,58.97,4.34,7.32,3.56,1.23,0.01435761,1.435761
2017/12,ALCAR,11.17,7.01,8.78,14.52,23.38,3,3.63,9.69,4.72,0.00201075,0.201075
2017/12,ARCLK,4.51,6.58,4.04,13.11,66.16,3.25,3.95,4.3,1.61,0.08747552,8.747552
2017/12,ARSAN,7.8,5.16,17.04,12.01,29.75,3.83,2.94,20.74,1.16,0.001897835,0.1897835
2017/12,ASUZU,-4.14,1.31,-5.02,-10.87,56.78,3.65,2.34,3.29,1.38,0.006221432,0.6221432
2017/12,ATEKS,1.36,0.82,3.19,1.7,24.39,10.87,3.03,3.91,1.33,0.002420762,0.2420762
2017/12,AYGAZ,12.55,2.92,6.81,20.38,41.14,16.16,27.91,13.55,1.24,0.021257201,2.1257201
2017/12,BAGFS,-0.86,12.29,-1.97,-2.13,61.71,16.54,3.27,2.28,1.11,0.005295577,0.5295577
2017/12,BAKAB,8.97,12.85,8.93,23.93,62.13,3.88,4.35,3.01,1.11,0.001604959,0.1604959
2017/12,BANVT,20.94,13.52,10.09,54.21,54.19,11.44,10.93,7.65,1.12,0.005734353,0.5734353
2017/12,BFREN,24.92,11.34,13.34,34.94,31.51,6.32,16.11,9.28,2.97,0.000404347,0.0404347
2017/12,BOSSA,1.51,12.95,2.06,13.63,88.62,4.43,3.95,2.72,1,0.0023069,0.23069
2017/12,BRISA,3.03,12.31,4.15,15.19,80.21,2.87,4.04,3.55,1.3,0.014779282,1.4779282
2017/12,BRSAN,6.32,9.54,8.57,14.2,56.05,6.82,3.55,3.35,1.1,0.017824983,1.7824983
2017/12,BTCIM,-0.63,7.78,-1.72,-1.67,55.9,3.37,9.56,2.86,0.89,0.009563137,0.9563137
2017/12,BUCIM,9.09,11.9,7.72,17.09,35.96,3.9,4.96,8.01,2.07,0.003735691,0.3735691
2017/12,BURCE,-4.05,5.37,-6.3,-8.87,54.93,6.03,2.76,6.15,1.08,0.000371944,0.0371944
2017/12,CELHA,7.79,8.84,4.78,28.25,71.66,4.32,4.91,2.97,1.09,0.000643587,0.0643587
2017/12,CEMTS,24.57,13.37,19.93,36.58,35.5,5.96,3.98,13.39,2.17,0.00191691,0.191691
2017/12,CIMSA,7.9,20.3,15.32,17.94,56.13,3.3,6.38,3.87,0.8,0.013878846,1.3878846
2017/12,CMBTN,0.76,-3.54,0.43,2.11,66.7,3.43,67.59,2.86,1.04,0.000496684,0.0496684
2017/12,CMENT,2.06,2.1,3.64,3.14,24.97,3.45,5.58,3.83,1.7,0.006708177,0.6708177
2017/12,DEVA,8.14,16.21,11.56,16.56,51.84,3.08,2.31,8.06,1.48,0.005377872,0.5377872
2017/12,DITAS,6.54,8.41,5.45,21.11,68.15,4,4.65,4.94,1.45,0.000333876,0.0333876
2017/12,DMSAS,2.47,8.19,1.96,9.09,73.38,4.2,6.81,7.12,1.17,0.000981951,0.0981951
2017/12,ECILC,3.73,9.52,24.43,4.34,9.15,2.92,4,1.5,3.53,0.016399658,1.6399658
2017/12,EGEEN,34.63,33.95,38.19,43.9,20.04,5.75,4.66,7.97,6.11,0.001851883,0.1851883
2017/12,EGGUB,11.68,14.37,9.27,19.71,36.53,38.88,5.93,4.46,0.73,0.001150828,0.1150828
2017/12,EGPRO,6.45,10.94,7.05,18.11,66.18,2.25,5.21,3.02,1.23,0.004467795,0.4467795
2017/12,ERBOS,17,13.79,13.9,26.1,37.67,4.5,4.45,4.01,2.28,0.001576081,0.1576081
2017/12,EREGL,14.43,25.38,20.03,22.15,32.24,8.72,2.78,14.51,2.69,0.121458825,12.1458825
2017/12,FMIZP,42.32,20.24,29.74,48.78,13.84,12.13,17.11,17.13,6.46,0.000216034,0.0216034
2017/12,FRIGO,2.2,8.78,2.45,8.77,71.67,13.35,3.5,2.37,1.44,0.000184524,0.0184524
2017/12,FROTO,13.99,6.02,5.88,43.44,69.23,9.81,19.25,7.06,1.13,0.051414551,5.1414551
2017/12,GENTS,9.77,9.66,9.81,16.64,33.61,3.32,2.81,6.19,2.41,0.001494587,0.1494587
2017/12,GOLTS,1.19,7.96,2.33,3.13,60.29,2.45,3.89,3.18,1.29,0.003317823,0.3317823
2017/12,GOODY,10.78,6.97,5.58,20.37,49.65,4.73,7.09,5.06,1.6,0.004663883,0.4663883
2017/12,GUBRF,0.94,2,0.96,3.47,67.35,8.29,3.7,4.05,0.91,0.01582871,1.582871
2017/12,HEKTS,18.67,24.35,19.52,36.97,55.73,1.64,2.1,2.7,1.53,0.001381457,0.1381457
2017/12,IHEVA,-0.65,9.35,-1.19,-0.91,29.1,1.03,2.12,2.45,3.06,0.001112899,0.1112899
2017/12,KAPLM,7.98,9.32,5.79,28.68,67.16,3.13,8.86,2.84,0.9,0.000594691,0.0594691
2017/12,KARTN,10.57,9.41,8.01,12.88,16.67,8.45,6.76,11.73,3.17,0.001607555,0.1607555
2017/12,KENT,6.63,10.72,5.59,10.81,37.21,4.57,7.54,3.31,1.32,0.002683978,0.2683978
2017/12,KLMSN,2.47,7.22,3.44,10.57,77.25,3.3,4.42,3.51,2.43,0.002761161,0.2761161
2017/12,KNFRT,15.66,20.81,20.87,20.18,24.22,4.51,1.44,4.08,2.53,0.000478359,0.0478359
2017/12,KONYA,9.97,12.1,12.41,12.29,19.74,4.17,3.99,5.12,3.29,0.001853541,0.1853541
2017/12,KORDS,6.1,9.51,6.64,13.58,42.51,5.14,3.45,6.8,1.29,0.012269875,1.2269875
2017/12,KRSTL,2.77,3.56,2.69,4.14,36.68,2.47,6.44,6.51,3.03,0.000558829,0.0558829
2017/12,KRTEK,-0.35,11.8,-0.42,-1.98,80.42,3.33,4.16,7.46,1.1,0.00106707,0.106707
2017/12,KUTPO,8.77,8.22,9.13,12.03,29.44,4.19,1.96,6.68,2.41,0.00170634,0.170634
2017/12,MRSHL,-1.22,3.26,-0.73,-2.25,52.87,2.26,7.29,3.98,1.57,0.000962844,0.0962844
2017/12,OTKAR,5.24,6.93,5.57,37.77,85.89,3.72,2.82,5.67,1.52,0.008601752,0.8601752
2017/12,OYAKC,16.84,22.94,25.62,20.12,18.8,3.44,3.91,6.51,2.81,0.001432655,0.1432655
2017/12,PARSN,0.88,12.59,3.21,2.01,52.55,5.37,3.11,6.17,0.8,0.005363085,0.5363085
2017/12,PENGD,-7.08,2.33,-9.48,-35.3,83.74,8.47,2.08,3.12,0.83,0.000906078,0.0906078
2017/12,PETKM,19.95,21.81,19.04,41.26,50.52,9.02,7.49,11.56,1.79,0.03333909,3.333909
2017/12,PINSU,-8.58,-0.55,-9.94,-30.91,74.09,5.04,7.5,2.58,0.55,0.001057086,0.1057086
2017/12,PNSUT,4.41,4.52,3.8,7.34,42.56,5.64,7.61,4.9,1.21,0.005143024,0.5143024
2017/12,PRKAB,1.09,1.74,0.69,4.08,71.32,3.76,8.02,2.28,1.27,0.00350676,0.350676
2017/12,SARKY,6.72,3.46,2.02,21.17,69.93,8.02,13.27,37.35,1.28,0.006449042,0.6449042
2017/12,SASA,11.94,14.57,12.3,24.44,52.15,4.14,5.7,8.52,1.91,0.010178671,1.0178671
2017/12,SELGD,2.02,10.05,3.07,3.39,38.63,4.49,4.57,8.94,2.66,8.84E-05,0.00883509
2017/12,SISE,6.06,13.06,10.83,13.33,38.7,5.08,3.67,7.25,2.22,0.091203704,9.1203704
2017/12,SKTAS,-7.53,10.78,-13.52,-40.45,84.21,6.42,3.7,4.5,0.82,0.002529197,0.2529197
2017/12,SNPAM,10.02,15.22,30.47,10.57,5.16,3.08,4.04,9.31,4.34,0.000561541,0.0561541
2017/12,TATGD,8.28,4.67,5.7,12.83,37.28,3.77,4.18,6.45,2.08,0.003364316,0.3364316
2017/12,TBORG,20.89,26.99,24.9,34.49,37.56,2.98,5.33,3.74,1.91,0.007111558,0.7111558
2017/12,TOASO,9.97,7.47,7.34,39.23,74.18,10.87,14.82,4.3,1.13,0.059390604,5.9390604
2017/12,TUKAS,1.9,10.54,2.68,4.53,61.83,4.09,1.72,5.61,1.29,0.00158252,0.158252
2017/12,TUPRS,10.99,9.39,7.07,41.29,72.54,11.69,10.41,6.28,1.15,0.163351222,16.3351222
2017/12,ULKER,5.43,12.8,8.23,22.43,69.74,5.83,7.14,4.43,2.18,0.036260396,3.6260396
2017/12,USAK,1.14,16.47,2.02,4.55,75.9,2,2.9,2.55,1.06,0.002184297,0.2184297
2017/12,VESTL,0.47,4.13,0.46,2.77,83.55,3.91,3.55,2.05,0.88,0.059264389,5.9264389
2017/12,YATAS,15.6,13.1,8.72,40.54,56.49,12.82,3.82,4.17,1.26,0.002313035,0.2313035
2017/12,YUNSA,5.94,10.82,5,26.87,73.31,4.06,3.31,4.91,1.01,0.001048769,0.1048769
2018/12,ADEL,3.36,18.63,3.59,7.02,59.49,1.89,1.47,8.38,1.28,0.001586841,0.1586841
2018/12,AFYON,0.54,15.06,2.24,1.7,64.81,3.6,7.15,4.39,0.28,0.002251937,0.2251937
2018/12,AKCNS,8.73,15.74,10.37,16.24,48.74,3.55,6.08,4.3,1.15,0.007356605,0.7356605
2018/12,AKSA,5.95,13.06,6.34,15.89,65.44,3.66,5.65,3.83,1.19,0.014262295,1.4262295
2018/12,ALCAR,9.6,5.45,7.75,13.3,31.54,3.01,2.89,8.3,3.35,0.00189949,0.189949
2018/12,ARCLK,3.49,7.57,3.17,11.31,71.03,3.38,3.61,4.42,1.54,0.096594405,9.6594405
2018/12,ARSAN,2.76,6.75,6.3,4.47,39.76,3.13,3.43,12.67,1.02,0.001819061,0.1819061
2018/12,ASUZU,-5.27,4.7,-6.78,-13.73,65.95,3.82,2.33,3.23,1.02,0.00544687,0.544687
2018/12,ATEKS,2.47,7.11,4.12,3.43,31.05,9.81,3.29,3.67,1.34,0.002237465,0.2237465
2018/12,AYGAZ,4.58,1.24,2.39,8.42,50.08,16.45,32.42,14.51,1.09,0.017070048,1.7070048
2018/12,BAGFS,-8.57,-2.91,-30.2,-25.75,71.59,15.15,2.33,2.03,0.95,0.004350371,0.4350371
2018/12,BAKAB,8.47,15.3,7.92,21.86,60.58,3.66,4.03,3.19,1.31,0.001615994,0.1615994
2018/12,BANVT,5.62,6,2.76,12.05,52.65,9.62,11.33,6.76,1.43,0.005260749,0.5260749
2018/12,BFREN,34.61,14.53,15.6,50.11,30.39,6.2,13.18,8.98,2.98,0.000351049,0.0351049
2018/12,BOSSA,8.78,25.82,10.44,57.93,82.25,3.24,3.6,3.43,1.17,0.002663187,0.2663187
2018/12,BRISA,2.39,13.2,3.19,11.93,79.79,3.78,4.41,3.46,1.41,0.015518488,1.5518488
2018/12,BRSAN,5.15,8.62,5.82,12.32,59.38,5.68,3.82,4.35,1.1,0.023235819,2.3235819
2018/12,BTCIM,-0.58,19.25,-1.38,-1.57,59,3.98,7.44,3.06,0.68,0.008204758,0.8204758
2018/12,BUCIM,10.97,15.17,8.18,20.47,22.96,4.12,4.04,9.16,3.35,0.003067801,0.3067801
2018/12,BURCE,0.21,9.42,0.28,0.53,59.53,6.66,3.42,7.02,0.92,0.000303775,0.0303775
2018/12,CELHA,10.3,11.54,5.89,37.67,73.41,4,3.85,3.5,0.99,0.000703345,0.0703345
2018/12,CEMTS,29.77,19.72,19.13,40.84,20.05,5.27,3.45,15.7,4.45,0.001820776,0.1820776
2018/12,CIMSA,4.61,16.43,9.11,11.82,58.34,3.26,5.74,4.41,0.65,0.011863,1.1863
2018/12,CMBTN,8.19,-3.14,3.76,22.17,59.5,3.01,71.6,3.5,1.17,0.000401847,0.0401847
2018/12,CMENT,-0.33,-2.26,-0.57,-0.54,29.11,3.01,4.75,3.6,1.66,0.005927892,0.5927892
2018/12,DEVA,9.32,23.58,13.1,20.18,55.26,2.85,1.5,6.79,1.65,0.005681047,0.5681047
2018/12,DITAS,9.36,10.65,6.55,27.82,64.69,4.21,4.34,4.89,1.54,0.000285309,0.0285309
2018/12,DMSAS,13.4,13.35,9.82,39.91,61.3,4.22,6.61,7.72,1.6,0.00105685,0.105685
2018/12,ECILC,5.79,7.66,34.69,6.42,10.29,3.95,6.18,2.72,3.77,0.015174309,1.5174309
2018/12,EGEEN,63.5,37.35,59.24,78.06,17.75,5.01,3.96,7.7,5.13,0.002253962,0.2253962
2018/12,EGGUB,8.99,22.05,7.26,15.81,48.02,30.96,3.06,3.31,0.86,0.001237642,0.1237642
2018/12,EGPRO,9.13,15.86,9.59,27.06,66.32,2.09,4.6,2.62,1.28,0.00435626,0.435626
2018/12,ERBOS,17.39,14.39,12.77,28.2,38.85,4.44,3.55,4.76,2.28,0.001565112,0.1565112
2018/12,EREGL,15.96,28.58,20.72,23.8,29.98,7.02,2.44,12.94,2.85,0.142268285,14.2268285
2018/12,FMIZP,55.65,23.46,33.63,62.45,8.44,13.23,14.53,22.08,13.14,0.000207529,0.0207529
2018/12,FRIGO,6.54,17.07,6.53,22.67,70.86,15.51,2.61,2.92,1.32,0.000239818,0.0239818
2018/12,FROTO,13.36,6.82,5.06,44.36,70.47,10.46,14.56,7.61,1.02,0.044893081,4.4893081
2018/12,GENTS,11.45,14.8,9.75,18.93,27.68,4.43,2.57,8.37,2.94,0.00127743,0.127743
2018/12,GOLTS,0.32,15.72,0.46,0.89,64.03,3.11,4.55,3.09,1.09,0.002838535,0.2838535
2018/12,GOODY,9.49,6.45,5.12,20.93,58.11,3.89,7.51,4.84,1.39,0.005331274,0.5331274
2018/12,GUBRF,-2.1,17.04,-1.85,-9.25,71.45,6.94,3.37,4.07,0.95,0.014761607,1.4761607
2018/12,HEKTS,20.99,35.72,21.36,54.12,63.78,1.63,1.6,3.85,1.52,0.002345725,0.2345725
2018/12,IHEVA,2.56,14.33,3.54,3.64,30.01,1.56,2.35,2.92,2.92,0.000929147,0.0929147
2018/12,KAPLM,4.3,8.31,3.07,13.18,67.55,3.38,7.01,2.83,1.04,0.000539706,0.0539706
2018/12,KARTN,26.29,19.13,17.82,31.51,16.43,9.57,5.79,10.07,4,0.001661298,0.1661298
2018/12,KENT,7.94,8.18,6.41,13.4,43.61,3.82,5.93,2.87,1.29,0.00265899,0.265899
2018/12,KLMSN,7.9,9.46,8.4,33.83,76.19,3.04,4.61,3.78,2.01,0.002997664,0.2997664
2018/12,KNFRT,20.79,27.39,24.91,33.14,44.16,6.47,1.32,1.87,1.58,0.000720178,0.0720178
2018/12,KONYA,8.03,9.13,9.39,10.03,20.07,3.82,3.68,5.16,3.3,0.001492349,0.1492349
2018/12,KORDS,7.6,12.21,7.41,18.8,51.58,5.16,3.16,7.11,1.28,0.016446808,1.6446808
2018/12,KRSTL,-7,-11.6,-10.16,-11.97,45.78,1.88,4.17,3.89,1.88,0.000461532,0.0461532
2018/12,KRTEK,3.65,16.55,3.97,19.32,81.62,3.32,3.41,6.38,1.17,0.001073911,0.1073911
2018/12,KUTPO,8.65,5.27,9.16,11.92,25.54,3.73,1.8,5.42,2.75,0.001409344,0.1409344
2018/12,MRSHL,-14.74,2.06,-9.29,-41.81,74.97,2.11,6.28,3.9,1.12,0.000889116,0.0889116
2018/12,OTKAR,7.62,9.86,9.79,48.83,83.08,3.01,1.71,6.55,2.08,0.007840861,0.7840861
2018/12,OYAKC,8.66,12.01,15.25,11.49,29.92,2.93,2.8,5.34,2.7,0.001250482,0.1250482
2018/12,PARSN,-3.57,17.42,-9.89,-9.81,62.71,5.21,2.68,5.28,0.71,0.005072521,0.5072521
2018/12,PENGD,0.38,7.4,0.39,2.05,79.15,8.75,2.83,4.72,0.89,0.000568756,0.0568756
2018/12,PETKM,7.9,13.26,9.36,18.49,60.21,7.82,6.83,12.5,2.07,0.048574372,4.8574372
2018/12,PINSU,-8.17,1.29,-9.43,-34.37,78.03,5.42,7.29,2.72,0.47,0.000999797,0.0999797
2018/12,PNSUT,3.79,5.16,3.31,6.69,43.88,5.25,7.14,4.26,1.07,0.004741118,0.4741118
2018/12,PRKAB,4.48,5.02,2.81,15.29,70.06,3.8,6.95,2.55,1.28,0.003062111,0.3062111
2018/12,SARKY,5.52,3.25,1.61,18.16,69.25,7.51,12.11,44.94,1.3,0.006101799,0.6101799
2018/12,SASA,18.3,17.12,27.42,41.59,58.2,4.56,3.98,6.61,1.25,0.014134618,1.4134618
2018/12,SELGD,2.15,6.76,3.83,3.2,27.85,3.51,1.69,8.92,3.26,8.10E-05,0.00809769
2018/12,SISE,9.32,15.02,14.72,20.32,39.9,4.99,3.69,7.4,1.72,0.094688556,9.4688556
2018/12,SKTAS,-11.09,18.21,-20.37,-68.12,83.36,5.74,3.43,3.56,0.61,0.002666093,0.2666093
2018/12,SNPAM,5.97,28.26,15.73,7.69,37.46,3.25,3.79,8.84,2.29,0.000509969,0.0509969
2018/12,TATGD,4.68,3.61,3.7,7.76,42.05,2.95,3.95,5.62,2.6,0.00294298,0.294298
2018/12,TBORG,21.38,24.51,25.16,35.01,39.9,2.79,3.91,4.18,1.75,0.00796307,0.796307
2018/12,TOASO,9.9,9.45,7.15,36.5,71.49,9.06,12.17,4.52,1.16,0.044271188,4.4271188
2018/12,TUKAS,7.21,18.55,9.53,22.57,71.79,5.19,1.61,4.03,0.96,0.002107265,0.2107265
2018/12,TUPRS,9.5,8.94,4.19,36.76,75.16,13.11,10.69,10.1,1.31,0.136321843,13.6321843
2018/12,ULKER,7.32,13.26,11.77,25.07,65.51,3.78,7.88,4.27,3.46,0.036330965,3.6330965
2018/12,USAK,0.77,15.73,1.43,2.99,72.76,1.92,2.26,2,0.92,0.002223251,0.2223251
2018/12,VESTL,2.33,11.64,2.34,13.66,81.53,4.21,3.42,2,0.74,0.061156685,6.1156685
2018/12,YATAS,12.08,12.71,8.02,27.89,56.83,9.92,3.33,4.4,1.48,0.002423994,0.2423994
2018/12,YUNSA,9.9,12.64,7.64,36.06,71.99,3.83,3.15,3.84,1.13,0.001099043,0.1099043
2019/12,ADEL,-3.43,15.51,-4.23,-8.34,58.1,2.28,1.23,8.41,1.57,0.001099717,0.1099717
2019/12,AFYON,-9.32,-8.93,-37.35,-30.17,73.52,5.69,7.05,7.41,0.22,0.00183037,0.183037
2019/12,AKCNS,3.61,8.06,4.12,7.09,48.2,4.46,6.91,4.52,1.18,0.005674026,0.5674026
2019/12,AKSA,6.63,12.68,7.62,18.62,63.34,4.3,6.2,3.58,1.05,0.011823567,1.1823567
2019/12,ALCAR,2.89,-0.8,2.8,4.22,31.52,3.22,2.23,8.01,3.35,0.001632331,0.1632331
2019/12,ARCLK,2.93,7.01,2.9,10.37,71.74,3.47,3.76,4.22,1.58,0.098050218,9.8050218
2019/12,ARSAN,10.15,6.06,20.34,17.58,38.95,4.78,4.35,12.51,1.23,0.001812483,0.1812483
2019/12,ASUZU,1.37,7.09,1.53,3.93,64.22,5.59,2.82,3.12,1.01,0.004450703,0.4450703
2019/12,ATEKS,1.74,4.72,2.84,2.61,35.48,6.15,3.64,3.4,1.19,0.002067232,0.2067232
2019/12,AYGAZ,5.49,3.42,2.68,10.98,49.99,16.48,39.87,16.26,1.06,0.013988828,1.3988828
2019/12,BAGFS,5.6,13.99,9.38,20.25,72.91,174.74,3.74,3.52,1.02,0.004636248,0.4636248
2019/12,BAKAB,2.7,6.09,2.66,6.64,58.02,3.92,4.36,3.41,1.31,0.001278416,0.1278416
2019/12,BANVT,6.15,6.95,3.21,12.11,46.57,10.35,10.42,6.65,1.79,0.005781829,0.5781829
2019/12,BFREN,25.68,11.6,12.95,39.28,38.57,5.66,11.66,8.16,2.6,0.000310748,0.0310748
2019/12,BOSSA,7.75,15.21,9.33,35.96,75.06,3.22,4.04,5.57,1.15,0.002493096,0.2493096
2019/12,BRISA,2.32,11.39,3.12,12.54,83.01,4.84,4.48,3.19,0.95,0.014905909,1.4905909
2019/12,BRSAN,0.96,3.5,1.44,2.33,58.34,6.34,3.36,3.65,1.03,0.019570067,1.9570067
2019/12,BTCIM,-7.52,-10.5,-23.21,-23.72,69.04,5.07,4.86,4.02,0.72,0.006860314,0.6860314
2019/12,BUCIM,1.09,0.6,0.98,1.95,23.95,4.9,4.23,12,3.37,0.002669596,0.2669596
2019/12,BURCE,-2.4,6.64,-4.27,-5.41,48.95,6.02,2.75,5.74,0.85,0.000406226,0.0406226
2019/12,CELHA,-4.68,-2.43,-3.32,-23.63,86.03,3.92,4.99,2.97,0.85,0.000676805,0.0676805
2019/12,CEMTS,10.37,5.53,8.15,12.55,14.82,5.94,4.13,18.34,7.8,0.001564718,0.1564718
2019/12,CIMSA,0.36,8.04,0.83,0.97,60.86,3.39,5.25,4.02,0.8,0.010716877,1.0716877
2019/12,CMBTN,-2.17,-2.54,-1.52,-5.8,65.56,2.9,78.88,2.33,1.06,0.000365888,0.0365888
2019/12,CMENT,-4.81,-15.63,-10.18,-8.45,29.28,3.37,4.63,3.31,1.53,0.00480121,0.480121
2019/12,DEVA,15.1,29.06,20.82,32.19,51.36,2.86,1.63,6.02,1.85,0.005983895,0.5983895
2019/12,DITAS,1.28,2.8,0.97,3.87,68.98,4.28,4.75,4.6,1.22,0.000240221,0.0240221
2019/12,DMSAS,5.27,6.17,4.29,13.21,58.89,4.39,6.44,8.8,1.76,0.000862865,0.0862865
2019/12,ECILC,3.5,14.32,18.55,3.93,11.6,3.97,6.68,2.64,2.79,0.013659857,1.3659857
2019/12,EGEEN,36.52,33.27,37.65,43.18,13.35,3.73,3.28,8.54,6.32,0.002115608,0.2115608
2019/12,EGGUB,9.83,14.47,7.95,22.06,60.3,17.26,3.73,3.68,0.72,0.001576838,0.1576838
2019/12,EGPRO,2.95,9.91,3.75,8.64,65.4,2.65,4.74,2.16,1.23,0.003473081,0.3473081
2019/12,ERBOS,12.61,9.55,10.85,21.52,43.46,4.69,3.4,5.72,2.06,0.001637384,0.1637384
2019/12,EREGL,7.5,15.69,12.08,11.31,33.05,7.41,2.39,9.22,2.55,0.1317687,13.17687
2019/12,FMIZP,48.3,24.09,27.47,54.64,14.39,12.76,12.56,21.72,6.59,0.000196682,0.0196682
2019/12,FRIGO,14.38,20.17,14.08,43.95,64.44,16.4,2.44,2.72,1.42,0.000250118,0.0250118
2019/12,FROTO,13.24,6.56,5,45.79,71.57,10.48,15.56,8.22,1.17,0.046319364,4.6319364
2019/12,GENTS,2.86,5.19,2.75,4.65,27.12,5.7,2.75,8.46,3.04,0.00109068,0.109068
2019/12,GOLTS,2.9,18.88,5.87,8.39,61.62,2.38,3.46,2.65,1.08,0.002452478,0.2452478
2019/12,GOODY,17.09,8.12,8.97,34.61,43.25,3.88,6.94,4.86,1.88,0.004481794,0.4481794
2019/12,GUBRF,-3.47,7.16,-3.45,-21.31,80.38,7.22,3.49,3.95,0.88,0.012099449,1.2099449
2019/12,HEKTS,15.21,32.99,19.87,38.46,58.6,1.51,1.87,5.66,2.62,0.003459686,0.3459686
2019/12,IHEVA,11.47,13.61,18.87,14.61,16.64,1.85,2.29,3.49,5.24,0.001340295,0.1340295
2019/12,KAPLM,-2.06,5.4,-1.76,-6.65,70.52,2.75,7.08,2.44,0.94,0.000452718,0.0452718
2019/12,KARTN,15.69,11.05,11.03,18.84,16.9,10.36,4.86,10.46,4.02,0.001549771,0.1549771
2019/12,KENT,2.99,7.44,2.41,5.47,46.98,3.68,5.95,2.71,1.22,0.002456617,0.2456617
2019/12,KLMSN,10.88,9.16,10.91,42.75,73.34,3.45,5.86,4.52,1.95,0.003376694,0.3376694
2019/12,KNFRT,7.22,18.77,10.26,14.67,55.32,4.08,1.33,1.85,1.39,0.000863746,0.0863746
2019/12,KONYA,0.14,-0.95,0.19,0.17,19.09,3.6,3.57,5.4,3.58,0.001219914,0.1219914
2019/12,KORDS,5.66,10.53,6.61,16.65,60.68,5.34,3.37,6.96,1.18,0.020244498,2.0244498
2019/12,KRSTL,0.43,2.06,0.45,0.67,27.49,2.16,5.3,4.64,3.45,0.000475667,0.0475667
2019/12,KRTEK,0.91,7.33,1.04,5.15,82.89,3.43,3.82,6.65,1.21,0.001006753,0.1006753
2019/12,KUTPO,9.07,8.81,11.17,12.39,27.86,2.95,1.53,5.03,3.45,0.00135378,0.135378
2019/12,MRSHL,6.67,13,4.76,25.13,72.12,2.14,4.84,2.96,1.15,0.000849421,0.0849421
2019/12,OTKAR,14.12,14.5,14.46,68.45,76.19,2.1,1.94,5.75,1.87,0.007559877,0.7559877
2019/12,OYAKC,35.2,5.45,5.2,47.24,19.63,41.27,34.58,80.17,4.52,0.000785694,0.0785694
2019/12,PARSN,-0.24,6.05,-0.76,-0.7,58.14,5.04,2.77,4.12,0.69,0.005137631,0.5137631
2019/12,PENGD,-3.07,0.66,-4.73,-8.01,53.99,12.16,2.23,5.03,0.76,0.001065582,0.1065582
2019/12,PETKM,6.36,10.24,8.44,16.14,60.71,7.31,10.28,12.18,1.86,0.047154384,4.7154384
2019/12,PINSU,-10.58,3.2,-14.58,-56.38,84.11,5.14,6.42,2.36,0.46,0.000918361,0.0918361
2019/12,PNSUT,2.36,1.98,2.08,4.13,42.01,4.88,9.37,3.96,1.23,0.004373151,0.4373151
2019/12,PRKAB,4.03,5.2,2.46,11.25,58.29,5.03,6.78,2.84,1.53,0.002506576,0.2506576
2019/12,SARKY,4.49,2.97,1.54,15.63,72.85,6.87,10.88,25.96,1.35,0.006104088,0.6104088
2019/12,SASA,17.88,6.79,38.5,49.26,66.66,5.62,3.81,4.92,0.48,0.021892027,2.1892027
2019/12,SELGD,11.51,-4.79,20.27,15.53,24.21,3.89,2.32,20.98,3.49,9.24E-05,0.00923626
2019/12,SISE,5.72,13.6,10.55,13.94,50.62,5.09,3.35,6.5,2.1,0.109403479,10.9403479
2019/12,SKTAS,-2.1,8.95,-4.69,-14.94,89.36,6.85,4.1,2.9,0.56,0.001643867,0.1643867
2019/12,SNPAM,19.78,17.65,50.28,29.38,29,5.96,4.48,8.88,1.62,0.000552579,0.0552579
2019/12,TATGD,7,13.16,11.96,12.46,45.38,1.55,1.43,2.2,2.84,0.002897685,0.2897685
2019/12,TBORG,17.95,26.09,20.15,32.27,48.49,2.44,3.54,4.4,1.38,0.007157554,0.7157554
2019/12,TOASO,11.48,9.1,7.84,36.88,66.2,9.14,17.9,4.6,1.14,0.036163878,3.6163878
2019/12,TUKAS,15.04,22.51,16.72,47.12,65.24,4.14,2.12,4.67,1.36,0.002277482,0.2277482
2019/12,TUPRS,1.1,3.46,0.59,4.62,76.34,13.8,9.48,6.69,0.99,0.156723258,15.6723258
2019/12,ULKER,8.19,14.51,12.77,25,61.94,3.25,7.95,5.4,1.33,0.038558511,3.8558511
2019/12,USAK,1.48,16.96,2.93,5.06,69.15,1.78,1.7,1.86,1.22,0.0022289,0.22289
2019/12,VESTL,1.73,9.95,1.89,9.37,80.57,5.53,4.23,2.16,0.66,0.054919091,5.4919091
2019/12,YATAS,10.47,11.95,7.39,24.74,58.3,8.28,3.56,4.95,1.29,0.002637806,0.2637806
2019/12,YUNSA,1.55,3.99,1.09,5.64,73,4.64,3.37,4.75,1.12,0.000920177,0.0920177
2020/12,ADEL,0.37,9.49,0.49,1.24,77.08,2.09,1.72,7.99,1.25,0.001416008,0.1416008
2020/12,AFYON,2.52,4.37,6.31,5.15,30.46,6.56,11.88,4.46,0.75,0.001574871,0.1574871
2020/12,AKCNS,5.18,11.29,5.85,10.34,50.36,5.22,8.98,4.09,1.24,0.005427845,0.5427845
2020/12,AKSA,9.65,19.32,10.7,25.87,62.12,5.6,5.38,3.74,1.46,0.010994743,1.0994743
2020/12,ALCAR,9.5,7.33,7.83,14.57,37.42,3.11,3.18,9.28,2.97,0.001617017,0.1617017
2020/12,ARCLK,7.01,9.4,6.97,24.26,69.87,3.86,4.22,3.56,1.39,0.103896368,10.3896368
2020/12,ARSAN,16.67,8.05,40.34,25.65,24.8,4.54,4.43,10.04,2.53,0.001552401,0.1552401
2020/12,ASUZU,0.78,7.13,1.1,2.4,70.19,3.62,2.86,2.09,1.12,0.004306362,0.4306362
2020/12,ATEKS,5.22,7.26,12.95,7.88,31.97,4.34,2.28,2.89,1.43,0.001734684,0.1734684
2020/12,AYGAZ,-0.48,2.57,-0.25,-1.04,57.05,18.37,25.94,13.16,1.18,0.012042048,1.2042048
2020/12,BAGFS,-2.32,13.88,-3.97,-9.77,79.2,75.28,4.89,3.21,1.26,0.0042743,0.42743
2020/12,BAKAB,6.06,10.11,5.14,14.8,59.83,4.23,4.98,3.89,1.46,0.001240838,0.1240838
2020/12,BANVT,-8.47,-2.45,-5.43,-19.04,62.39,10.4,9.17,6.17,1.69,0.005956674,0.5956674
2020/12,BFREN,18.97,9.67,11.32,34.69,50.7,5.56,11.57,6.97,1.9,0.000307979,0.0307979
2020/12,BOSSA,3.92,26.01,5.27,15.09,73.07,2.6,2.62,7.77,1.21,0.002251036,0.2251036
2020/12,BRISA,9.52,17.03,12.74,46.24,76.27,5.64,4.74,2.68,1.28,0.013526887,1.3526887
2020/12,BRSAN,-0.14,0.92,-0.28,-0.33,55.85,4.27,2.82,3.71,0.99,0.017943097,1.7943097
2020/12,BTCIM,-13.17,0.92,-28.18,-64.18,86.82,6.11,5.9,4.26,0.53,0.005662962,0.5662962
2020/12,BUCIM,6.93,6.53,6.16,12.72,25.52,4.75,4.35,10.19,3.59,0.002750002,0.2750002
2020/12,BURCE,1.88,-0.92,3.47,4.04,53.09,5.11,3.65,6.2,1.02,0.000351204,0.0351204
2020/12,CELHA,-3.28,2.76,-2.43,-28.28,90.6,4.38,4.1,2.31,0.83,0.000570545,0.0570545
2020/12,CEMTS,22.16,11.18,17.61,26.09,15.26,6.2,3.79,16.51,5.57,0.00155954,0.155954
2020/12,CIMSA,3.94,14.42,8.46,11.84,64.15,4.23,6.73,3.48,0.87,0.011448214,1.1448214
2020/12,CMBTN,-7.32,-6.01,-4.65,-29.72,82.23,2.92,109.75,2.47,0.81,0.000413745,0.0413745
2020/12,CMENT,-2.02,-5.59,-3.09,-3.82,36.07,3.94,7.09,3.9,1.05,0.00399559,0.399559
2020/12,DEVA,25.02,33.14,34.96,48.89,47.07,3.06,1.58,5.69,1.97,0.006892155,0.6892155
2020/12,DITAS,5.29,6.31,3.67,18.47,73.15,4.34,6.08,4.01,1.04,0.000245168,0.0245168
2020/12,DMSAS,4.61,7.55,4.07,11.8,62.68,4.05,5.78,7.06,1.72,0.000845385,0.0845385
2020/12,ECILC,5.96,11.9,35.43,6.74,11.52,4.18,4.79,2.4,3.06,0.013325415,1.3325415
2020/12,EGEEN,29.29,33.93,51.71,38.79,32.43,4.2,3.08,6.73,2.5,0.002346472,0.2346472
2020/12,EGGUB,16.8,19.01,13.9,38.81,53.66,24.13,7.33,5.89,0.69,0.001468984,0.1468984
2020/12,EGPRO,10.3,18.07,11.53,27.37,60.22,2.89,5.57,2.52,1.45,0.003866281,0.3866281
2020/12,ERBOS,13.88,12.06,14.99,21.13,26.19,4.3,2.98,9.05,3.08,0.001459618,0.1459618
2020/12,EREGL,6.32,16.04,10.33,9.44,29.09,8.97,2.62,7.79,3.02,0.129441043,12.9441043
2020/12,FMIZP,43.35,25.38,35.01,52.22,19.53,14.04,7.41,9.93,4.97,0.000158924,0.0158924
2020/12,FRIGO,14.68,25.35,16.69,41.57,64.81,25.93,2.27,2.54,1.38,0.000346339,0.0346339
2020/12,FROTO,20.59,8.83,8.48,71.65,71.07,10.5,17.88,7.04,1.41,0.054346793,5.4346793
2020/12,GENTS,15.14,18.63,14.02,25.32,27.82,6.23,2.26,6.45,3.17,0.001129188,0.1129188
2020/12,GOLTS,1.27,9.64,1.81,3.88,67.08,2.88,8.22,5.31,1.06,0.002304162,0.2304162
2020/12,GOODY,8.63,8.36,4.73,15.49,45.15,4.51,6.5,4.62,1.86,0.004281695,0.4281695
2020/12,GUBRF,5.54,12.14,4.84,32.06,65.91,8.48,4.37,3.41,0.98,0.011536869,1.1536869
2020/12,HEKTS,10.79,23.23,17.81,28.21,63.56,1.52,1.96,4.35,1.26,0.004730797,0.4730797
2020/12,IHEVA,7.63,17.26,10.05,9.04,14.72,2.4,2.58,7.96,7.01,0.001126011,0.1126011
2020/12,KAPLM,4.25,8.18,3.34,15.33,73.65,3.23,6.53,2.56,0.94,0.000457652,0.0457652
2020/12,KARTN,22.01,16.78,15.27,26.66,17.86,10.7,5.82,9.61,4.14,0.001559239,0.1559239
2020/12,KENT,14.76,10.31,12.8,24.97,36.74,3.86,5.6,2.7,1.43,0.002852698,0.2852698
2020/12,KLMSN,3.64,11.41,4.98,14.75,76.91,2.9,3.73,3.53,2.17,0.003302636,0.3302636
2020/12,KNFRT,6.72,11.3,8.95,16.38,61.65,2.74,1.93,3.11,1.34,0.00093827,0.093827
2020/12,KONYA,3.95,-1.22,4.8,5.09,25.28,3.78,5.59,5.93,2.54,0.001097964,0.1097964
2020/12,KORDS,2.07,6.38,3.37,6.34,56.89,4.86,2.76,5.81,1.14,0.016973463,1.6973463
2020/12,KRSTL,2.95,2.1,2.67,3.93,22.54,2.41,5.91,6.84,3.44,0.000402166,0.0402166
2020/12,KRTEK,4.29,16.62,6.04,18.7,73.23,3.67,3,5.62,1.26,0.001196728,0.1196728
2020/12,KUTPO,6.59,2.87,8.56,9.2,28.87,3.39,1.52,5.91,2.9,0.001181921,0.1181921
2020/12,MRSHL,5.49,5.67,4.28,22.99,78.56,2.26,8.92,2.23,0.99,0.001090715,0.1090715
2020/12,OTKAR,17.63,19.77,21.26,75.17,76.76,2.82,1.45,5.66,1.49,0.009673776,0.9673776
2020/12,OYAKC,9.78,11.33,12.22,16.7,42.55,4.8,8.99,4.99,1.23,0.008867032,0.8867032
2020/12,PARSN,5.85,12.11,20.88,16.67,58.7,4.57,2.14,3.1,0.77,0.005343977,0.5343977
2020/12,PENGD,0.14,10.72,0.2,0.24,33.21,13.47,2.1,5.69,1.63,0.000986091,0.0986091
2020/12,PETKM,5.93,11.43,8.96,15.36,62.18,8.16,11.42,9.59,2,0.044602564,4.4602564
2020/12,PINSU,-10.62,2.95,-18.13,-58.82,80.29,4.77,5.79,2.27,0.33,0.000949215,0.0949215
2020/12,PNSUT,2.32,2.66,1.98,4.1,44.69,4.44,8.14,4.25,1.1,0.004283644,0.4283644
2020/12,PRKAB,4.35,3.14,2.35,10.96,62.04,4.6,7.2,3.48,1.4,0.00237264,0.237264
2020/12,SARKY,9.59,5.35,3.68,34.82,72.15,6.51,9.46,15.41,1.46,0.006719681,0.6719681
2020/12,SASA,3.37,17.64,6.19,11.41,73.25,7.52,3.87,4.17,0.63,0.024083461,2.4083461
2020/12,SELGD,2.16,3.92,3.53,2.63,13.12,4.81,2.14,21.05,6.4,9.81E-05,0.00981461
2020/12,SISE,5.15,12.91,10.02,11.61,49.15,5.21,3.39,6.47,2.58,0.098715933,9.8715933
2020/12,SKTAS,-7.07,20.32,-19.2,-46.28,77.17,6.89,2.67,2.18,0.55,0.001792559,0.1792559
2020/12,SNPAM,3.35,27.26,9.19,4.69,28.25,10.16,3.49,11.47,1.93,0.000452027,0.0452027
2020/12,TATGD,14.33,14.92,20.83,26.44,46.15,1.85,1.62,2.79,2.85,0.002920993,0.2920993
2020/12,TBORG,17.52,24.32,20.29,33.5,47.09,3.47,4.22,4.39,1.48,0.007722484,0.7722484
2020/12,TOASO,11.05,9.62,7.57,40.56,77.06,5.98,15.37,3.6,1.18,0.043469127,4.3469127
2020/12,TUKAS,12.45,22.9,15.71,30.86,56.06,4.41,1.74,4.36,1.43,0.002786013,0.2786013
2020/12,TUPRS,-4.27,-0.39,-3.94,-20.43,80.92,20.15,9.55,3.85,1.08,0.136526698,13.6526698
2020/12,ULKER,6.52,17.73,11.13,20.19,65.03,3.44,6.66,6,4.55,0.043504957,4.3504957
2020/12,USAK,2.36,15.46,4.17,6.37,57.72,1.63,1.89,2.43,1.37,0.002086634,0.2086634
2020/12,VESTL,7.62,13.22,8.23,32.94,72.58,5.12,4.4,2.19,0.8,0.06043839,6.043839
2020/12,YATAS,14.47,14.74,9.73,37,62.6,13.42,3.65,4.23,1.53,0.003161189,0.3161189
2020/12,YUNSA,3.08,7.13,3.36,10.71,69.42,3.97,2.01,3.72,1.54,0.000723052,0.0723052
2021/12,ADEL,-1.89,8.14,-2.61,-9.18,81.47,2.91,2.01,8.95,1.08,0.000900253,0.0900253
2021/12,AFYON,10.21,12.21,18.59,14.54,29.21,5.5,6.58,3.77,0.94,0.00101748,0.101748
2021/12,AKCNS,10.23,10.33,10.57,22.18,55.97,5.61,5.67,3.36,1,0.004452852,0.4452852
2021/12,AKSA,16.25,18.72,13.98,49.66,69.99,7.47,6.13,3.31,1.02,0.012002894,1.2002894
2021/12,ALCAR,7.56,5.91,5.69,15.13,57.77,3.33,3.28,6.92,1.81,0.001497998,0.1497998
2021/12,ARCLK,4.66,7.34,4.49,18.46,75.25,3.61,3.62,3.25,1.47,0.108141914,10.8141914
2021/12,ARSAN,30.59,8.48,54.54,40.42,16.25,6.1,6.69,13.81,2.15,0.001375831,0.1375831
2021/12,ASUZU,7.64,11.57,7.89,21.49,61.4,5.54,4.36,2.75,1.34,0.004585108,0.4585108
2021/12,ATEKS,13.42,8.3,31.34,20.01,33.54,4.41,2.8,2.58,1.07,0.001541752,0.1541752
2021/12,AYGAZ,9.76,3.29,4.22,26.72,67.37,17.53,17.58,9.81,1.2,0.010592096,1.0592096
2021/12,BAGFS,5.99,35.54,8.93,29.51,79.98,51.46,2.82,2.8,0.98,0.004159666,0.4159666
2021/12,BAKAB,9.21,7.49,8.5,27.44,69.81,3.8,5.14,2.69,1.21,0.001397029,0.1397029
2021/12,BANVT,2.89,5.65,1.79,8.47,68.2,10.34,7.62,4.97,1.39,0.00497309,0.497309
2021/12,BFREN,26.19,10.71,12.61,51.66,48.15,5.33,12.89,7.41,1.96,0.000215493,0.0215493
2021/12,BOSSA,22.94,26.51,24.23,68.89,63.21,3.16,3.28,8.41,1.32,0.002343144,0.2343144
2021/12,BRISA,12.29,18.79,15.14,53.61,77.56,6.26,5.11,2.3,1.16,0.013078571,1.3078571
2021/12,BRSAN,0.77,2.21,1.29,1.85,59.63,5.07,3.21,3.29,1.04,0.020942967,2.0942967
2021/12,BTCIM,-17.41,7.81,-31.25,-84.98,75.79,6.34,6.63,3.59,0.4,0.005602153,0.5602153
2021/12,BUCIM,25.25,17.89,19.51,42.66,20.28,5.49,4.06,10.17,3.77,0.002938757,0.2938757
2021/12,BURCE,1.37,8.19,1.9,3.17,55.38,5.39,3.73,5.32,0.94,0.000219499,0.0219499
2021/12,CELHA,1.82,7.42,1.1,20.06,91.09,5.32,4.25,2.84,0.97,0.00073432,0.073432
2021/12,CEMTS,42.71,23.68,26.7,51.46,18.03,7.14,3.17,16.66,4.8,0.001512644,0.1512644
2021/12,CIMSA,19.59,13.71,27.14,49.89,47.17,5.48,7.49,4.97,1.16,0.006671612,0.6671612
2021/12,CMBTN,1.4,2.73,0.68,9,86.02,3.11,151.75,2.74,0.85,0.000325471,0.0325471
2021/12,CMENT,7.53,6.09,8.94,15.84,43.91,4.26,6.81,3.33,0.93,0.003224261,0.3224261
2021/12,DEVA,28.65,35.01,50.21,53.65,46.3,2.79,1.29,3.74,2.07,0.006457012,0.6457012
2021/12,DITAS,11.57,11.58,10.6,57.04,78.85,4.21,4.5,3.07,1.14,0.000461453,0.0461453
2021/12,DMSAS,6.71,5.23,4.71,19.3,66.9,4.12,6.83,6.77,1.36,0.000732097,0.0732097
2021/12,ECILC,10.61,7.04,68.42,11.91,10.51,4.46,6.59,2.7,3.31,0.010504978,1.0504978
2021/12,EGEEN,49.37,34.29,57.51,66,19.74,4.76,3.16,7.36,4.2,0.001771284,0.1771284
2021/12,EGGUB,14.27,27.64,14.22,33.58,60.07,22.11,4.38,2.75,0.9,0.001265798,0.1265798
2021/12,EGPRO,10.69,15.98,10.95,31.87,69.42,2.29,5.93,2.31,1.22,0.004634653,0.4634653
2021/12,ERBOS,22.49,16.24,15.14,34.19,39.03,4.96,3.62,56.82,2.19,0.001387693,0.1387693
2021/12,EREGL,16.84,35.79,22.76,25.43,33.13,9.53,2.23,8.14,2.8,0.160718572,16.0718572
2021/12,FMIZP,72.14,23.61,35.5,88.63,18.02,12.88,10.46,13.18,5.17,0.000144485,0.0144485
2021/12,FRIGO,2.52,26.58,4.47,5.07,44.84,25.3,1.45,2.13,1.77,0.000526958,0.0526958
2021/12,FROTO,26.22,11.83,12.38,102.38,76.28,9.94,13.37,6.27,1.58,0.05439324,5.439324
2021/12,GENTS,15.71,10.71,13.6,30.56,43.64,7.33,2.74,6.21,1.79,0.001090567,0.1090567
2021/12,GOLTS,-1.11,12.04,-1.54,-3.7,71.04,3.39,6.23,4.13,0.99,0.002023141,0.2023141
2021/12,GOODY,14.37,12.76,7.93,31.02,58.79,3.96,5.37,3.62,1.48,0.004063362,0.4063362
2021/12,GUBRF,5.74,18.52,4.86,27.54,69.13,8.76,3.21,2.67,1.08,0.016587129,1.6587129
2021/12,HEKTS,9.51,25.26,16.12,29.59,69.42,1.51,1.93,2.53,1.05,0.006013238,0.6013238
2021/12,IHEVA,16.46,9.6,16.99,19.67,17.68,2.97,3.15,13.41,4.58,0.000765052,0.0765052
2021/12,KAPLM,11.99,9.67,7.31,48.44,76.13,3.42,7.77,2.58,1.06,0.000471497,0.0471497
2021/12,KARTN,40.27,22.52,23.86,51.88,24.99,11.43,8.49,8.68,3.09,0.001504903,0.1504903
2021/12,KENT,14.76,8.66,12.57,24.3,41.13,4.02,5.62,3,1.54,0.00219713,0.219713
2021/12,KLMSN,0.93,12.52,1.26,4.61,81.1,2.99,4.41,3.51,1.31,0.004093256,0.4093256
2021/12,KNFRT,9.08,7.14,6.25,27.26,69.47,5.72,4,3.74,1.26,0.000872996,0.0872996
2021/12,KONYA,3.47,2.01,3.44,5.52,45.02,3.9,5.73,6.05,1.48,0.000932247,0.0932247
2021/12,KORDS,7.11,10.99,9.74,19.64,53.72,4.5,3.21,4.75,1.12,0.017808613,1.7808613
2021/12,KRSTL,4.23,-3.18,4.13,5.49,22.88,3.97,5.7,5.87,2.76,0.000406855,0.0406855
2021/12,KRTEK,10.63,21.04,12.78,38.07,71.26,4.23,2.71,5.44,1.16,0.000952176,0.0952176
2021/12,KUTPO,5.45,4.16,5.63,8.71,43.77,4.17,1.86,4.29,1.73,0.000913494,0.0913494
2021/12,MRSHL,-14.76,-3.11,-12.81,-172.15,99.13,2.65,4.22,1.73,0.82,0.001037721,0.1037721
2021/12,OTKAR,20.18,17.91,23.1,83.19,75.01,3.48,2,6.17,1.39,0.007613181,0.7613181
2021/12,OYAKC,16.39,17.86,15.49,27.57,38.92,4.59,5.9,4.37,1.88,0.006197333,0.6197333
2021/12,PARSN,5.19,13.2,14.32,16.11,60.18,4.71,3.04,3.02,0.57,0.004954292,0.4954292
2021/12,PENGD,5.19,16.93,8.44,7.65,31.59,11.52,2.01,5.47,1.36,0.001136628,0.1136628
2021/12,PETKM,21.63,19.33,18.99,53.67,58.2,7.97,10.53,8.88,2.56,0.038676692,3.8676692
2021/12,PINSU,-11.68,-1.65,-19.74,-41.04,65.96,6.52,6.84,2.56,0.42,0.000847723,0.0847723
2021/12,PNSUT,4.42,3.67,4.38,7.79,42.41,4.24,7.73,4.24,1.12,0.004305567,0.4305567
2021/12,PRKAB,2.43,3.11,1.26,9.68,80.81,5.39,7.4,3.16,1.11,0.002901538,0.2901538
2021/12,SARKY,12.64,5.29,3.99,48.57,74.9,6.77,10.56,15.76,1.44,0.007297087,0.7297087
2021/12,SASA,4.23,21.24,4.76,19.79,81.24,8.6,4.39,4.23,0.98,0.028210609,2.8210609
2021/12,SELGD,19.19,-3.84,24.61,22.28,14.28,5.45,3.73,26.95,5.64,8.45E-05,0.00844584
2021/12,SISE,13.74,17.16,28.49,29.64,44.33,5.03,3.64,5.58,1.86,0.112710063,11.2710063
2021/12,SKTAS,0.36,40.88,1,1.34,63.52,6.9,2.42,1.85,0.57,0.001710752,0.1710752
2021/12,SNPAM,35.05,30.37,51.59,45.17,18.29,14.9,5.16,48.24,3.43,0.000363999,0.0363999
2021/12,TATGD,15.15,12,20.44,28.08,45.95,2.48,1.57,3.28,2.44,0.002081829,0.2081829
2021/12,TBORG,29.27,24.69,32.77,50.63,38.65,3.52,4.3,4.49,1.87,0.006062936,0.6062936
2021/12,TOASO,15.28,15.48,11.05,64.26,75.53,5.18,12.06,2.96,1.18,0.029836549,2.9836549
2021/12,TUKAS,13.08,21.65,17.1,28.45,52.38,4.11,1.76,4.15,1.39,0.001952551,0.1952551
2021/12,TUPRS,4.06,8.09,2.2,22.89,82.61,19.34,8.16,4.69,1.02,0.13033043,13.033043
2021/12,ULKER,-2.03,16.74,-3.7,-10.29,83.56,3.37,5,5.03,3.06,0.033357808,3.3357808
2021/12,USAK,4.76,13.94,8.63,11.24,57.56,2.47,2.92,2.35,1.16,0.002125164,0.2125164
2021/12,VESTL,5.4,14.02,5.83,22.96,76.07,6.07,3.12,1.95,0.68,0.054774356,5.4774356
2021/12,YATAS,14.17,12.13,8.96,33.33,54.16,14.31,3.44,4.47,1.42,0.002791916,0.2791916
2021/12,YUNSA,7.38,17.7,7.73,26.47,74.38,5.51,2.13,3.98,1.28,0.000498082,0.0498082
